Race	Gender	Gender Code	Five-Year Ages	Five-Year Ages Code	Year	Year Code	Deaths	Population	Crude Rate
Black or African American	Female	F	35-39 years	35-39	1999	1999	177	1507328	11.7426333220109
Black or African American	Female	F	35-39 years	35-39	2000	2000	165	1505402	10.9605274870101
Black or African American	Female	F	35-39 years	35-39	2001	2001	155	1491812	10.3900491482841
Black or African American	Female	F	35-39 years	35-39	2002	2002	158	1467701	10.7651354056446
Black or African American	Female	F	35-39 years	35-39	2003	2003	151	1440844	10.4799686850207
Black or African American	Female	F	35-39 years	35-39	2004	2004	126	1408319	8.94683661869221
Black or African American	Female	F	35-39 years	35-39	2005	2005	145	1396992	10.3794438336082
Black or African American	Female	F	35-39 years	35-39	2006	2006	159	1405559	11.3122252427682
Black or African American	Female	F	35-39 years	35-39	2007	2007	131	1413720	9.26633279574456
Black or African American	Female	F	35-39 years	35-39	2008	2008	136	1412276	9.62984572420688
Black or African American	Female	F	35-39 years	35-39	2009	2009	121	1403007	8.62433330696141
Black or African American	Female	F	35-39 years	35-39	2010	2010	118	1384151	8.52508143981401
Black or African American	Female	F	35-39 years	35-39	2011	2011	125	1344610	9.29637590081883
Black or African American	Female	F	35-39 years	35-39	2012	2012	121	1338520	9.03983504168783
Black or African American	Female	F	35-39 years	35-39	2013	2013	104	1344139	7.73729502677922
Black or African American	Female	F	35-39 years	35-39	2014	2014	146	1374316	10.6234665098856
Black or African American	Female	F	35-39 years	35-39	2015	2015	124	1413525	8.77239525300225
Black or African American	Female	F	35-39 years	35-39	2016	2016	131	1445255	9.06414438974437
Black or African American	Female	F	35-39 years	35-39	2017	2017	136	1475146	9.21942641609712
Black or African American	Female	F	35-39 years	35-39	2018	2018	142	1494278	9.50291712787045
Black or African American	Female	F	35-39 years	35-39	2019	2019	137	1501244	9.12576503219996
Black or African American	Female	F	35-39 years	35-39	2020	2020	155	1502992	10.3127628091167
Black or African American	Female	F	35-39 years	35-39	2021	2021	165	1476602	11.1743042471837
Black or African American	Female	F	35-39 years	35-39	2022	2022	156	1528198	10.2081013062443
Black or African American	Female	F	40-44 years	40-44	1999	1999	393	1420696	27.6624978179709
Black or African American	Female	F	40-44 years	40-44	2000	2000	396	1442018	27.4615157369742
Black or African American	Female	F	40-44 years	40-44	2001	2001	392	1475496	26.5673373563873
Black or African American	Female	F	40-44 years	40-44	2002	2002	387	1487168	26.0226147953695
Black or African American	Female	F	40-44 years	40-44	2003	2003	366	1498869	24.4184114822576
Black or African American	Female	F	40-44 years	40-44	2004	2004	395	1510161	26.156151562648
Black or African American	Female	F	40-44 years	40-44	2005	2005	350	1506129	23.2383813073117
Black or African American	Female	F	40-44 years	40-44	2006	2006	329	1494626	22.0121956931032
Black or African American	Female	F	40-44 years	40-44	2007	2007	269	1471651	18.2787902838377
Black or African American	Female	F	40-44 years	40-44	2008	2008	306	1446445	21.1553152729623
Black or African American	Female	F	40-44 years	40-44	2009	2009	270	1414333	19.0902708202382
Black or African American	Female	F	40-44 years	40-44	2010	2010	265	1404513	18.8677498891075
Black or African American	Female	F	40-44 years	40-44	2011	2011	219	1410151	15.5302517248153
Black or African American	Female	F	40-44 years	40-44	2012	2012	205	1415866	14.4787712961537
Black or African American	Female	F	40-44 years	40-44	2013	2013	256	1412452	18.1245097178524
Black or African American	Female	F	40-44 years	40-44	2014	2014	236	1406532	16.7788575019978
Black or African American	Female	F	40-44 years	40-44	2015	2015	233	1386639	16.8032198719349
Black or African American	Female	F	40-44 years	40-44	2016	2016	226	1352538	16.7093272055942
Black or African American	Female	F	40-44 years	40-44	2017	2017	255	1351467	18.8683852435909
Black or African American	Female	F	40-44 years	40-44	2018	2018	210	1354893	15.4993789177448
Black or African American	Female	F	40-44 years	40-44	2019	2019	255	1378109	18.5036161871086
Black or African American	Female	F	40-44 years	40-44	2020	2020	317	1414368	22.4128373945112
Black or African American	Female	F	40-44 years	40-44	2021	2021	317	1415974	22.3874167181036
Black or African American	Female	F	40-44 years	40-44	2022	2022	316	1459107	21.6570820371638
Black or African American	Female	F	45-49 years	45-49	1999	1999	640	1192724	53.6586838195593
Black or African American	Female	F	45-49 years	45-49	2000	2000	657	1225916	53.5925789368929
Black or African American	Female	F	45-49 years	45-49	2001	2001	665	1272430	52.2622069583396
Black or African American	Female	F	45-49 years	45-49	2002	2002	681	1321076	51.5488889359885
Black or African American	Female	F	45-49 years	45-49	2003	2003	673	1363748	49.3492932711909
Black or African American	Female	F	45-49 years	45-49	2004	2004	654	1398644	46.7595757033241
Black or African American	Female	F	45-49 years	45-49	2005	2005	622	1436071	43.3126217297056
Black or African American	Female	F	45-49 years	45-49	2006	2006	665	1461455	45.5025984378582
Black or African American	Female	F	45-49 years	45-49	2007	2007	606	1473530	41.1257320855361
Black or African American	Female	F	45-49 years	45-49	2008	2008	606	1485776	40.786767318896
Black or African American	Female	F	45-49 years	45-49	2009	2009	567	1496992	37.8759539129134
Black or African American	Female	F	45-49 years	45-49	2010	2010	541	1493767	36.2171610431881
Black or African American	Female	F	45-49 years	45-49	2011	2011	475	1475059	32.2021017464386
Black or African American	Female	F	45-49 years	45-49	2012	2012	504	1453232	34.6813172294582
Black or African American	Female	F	45-49 years	45-49	2013	2013	463	1428396	32.4139804367976
Black or African American	Female	F	45-49 years	45-49	2014	2014	454	1402364	32.3739057762464
Black or African American	Female	F	45-49 years	45-49	2015	2015	442	1396052	31.6607117786443
Black or African American	Female	F	45-49 years	45-49	2016	2016	428	1403832	30.4879786185242
Black or African American	Female	F	45-49 years	45-49	2017	2017	454	1413393	32.1212854457324
Black or African American	Female	F	45-49 years	45-49	2018	2018	452	1406949	32.1262533325657
Black or African American	Female	F	45-49 years	45-49	2019	2019	415	1397316	29.6997958944147
Black or African American	Female	F	45-49 years	45-49	2020	2020	529	1375619	38.4554153439288
Black or African American	Female	F	45-49 years	45-49	2021	2021	473	1315950	35.9436148789848
Black or African American	Female	F	45-49 years	45-49	2022	2022	430	1349336	31.867525953506
Black or African American	Female	F	50-54 years	50-54	1999	1999	931	930401	100.064380842239
Black or African American	Female	F	50-54 years	50-54	2000	2000	966	980443	98.5268903954641
Black or African American	Female	F	50-54 years	50-54	2001	2001	994	1066260	93.2230412844897
Black or African American	Female	F	50-54 years	50-54	2002	2002	1031	1105949	93.2231052245628
Black or African American	Female	F	50-54 years	50-54	2003	2003	1008	1144404	88.0807826606688
Black or African American	Female	F	50-54 years	50-54	2004	2004	1019	1185311	85.9689988534655
Black or African American	Female	F	50-54 years	50-54	2005	2005	1052	1223782	85.9630228259608
Black or African American	Female	F	50-54 years	50-54	2006	2006	999	1264163	79.0246194517637
Black or African American	Female	F	50-54 years	50-54	2007	2007	991	1315461	75.3348065811149
Black or African American	Female	F	50-54 years	50-54	2008	2008	1063	1361382	78.0824191887362
Black or African American	Female	F	50-54 years	50-54	2009	2009	912	1399562	65.1632439291721
Black or African American	Female	F	50-54 years	50-54	2010	2010	906	1431800	63.2769939935745
Black or African American	Female	F	50-54 years	50-54	2011	2011	910	1454259	62.5748233292694
Black or African American	Female	F	50-54 years	50-54	2012	2012	856	1460480	58.6108676599474
Black or African American	Female	F	50-54 years	50-54	2013	2013	879	1467990	59.8777920830523
Black or African American	Female	F	50-54 years	50-54	2014	2014	856	1473543	58.0912806752161
Black or African American	Female	F	50-54 years	50-54	2015	2015	853	1467603	58.1219853052903
Black or African American	Female	F	50-54 years	50-54	2016	2016	872	1451167	60.0895692914737
Black or African American	Female	F	50-54 years	50-54	2017	2017	786	1432173	54.8816379026835
Black or African American	Female	F	50-54 years	50-54	2018	2018	820	1404709	58.3750798208027
Black or African American	Female	F	50-54 years	50-54	2019	2019	723	1377231	52.4966399972118
Black or African American	Female	F	50-54 years	50-54	2020	2020	793	1370203	57.8746360940678
Black or African American	Female	F	50-54 years	50-54	2021	2021	821	1356439	60.5261276032317
Black or African American	Female	F	50-54 years	50-54	2022	2022	750	1385106	54.1474804094416
Black or African American	Female	F	55-59 years	55-59	1999	1999	1253	703574	178.090719668436
Black or African American	Female	F	55-59 years	55-59	2000	2000	1205	721707	166.965264297007
Black or African American	Female	F	55-59 years	55-59	2001	2001	1278	749059	170.614063778688
Black or African American	Female	F	55-59 years	55-59	2002	2002	1290	799225	161.406362413588
Black or African American	Female	F	55-59 years	55-59	2003	2003	1282	846733	151.405460753272
Black or African American	Female	F	55-59 years	55-59	2004	2004	1301	906422	143.531379423712
Black or African American	Female	F	55-59 years	55-59	2005	2005	1328	976118	136.049125208223
Black or African American	Female	F	55-59 years	55-59	2006	2006	1320	1046312	126.157398557983
Black or African American	Female	F	55-59 years	55-59	2007	2007	1282	1085461	118.106500371731
Black or African American	Female	F	55-59 years	55-59	2008	2008	1317	1123799	117.191775397558
Black or African American	Female	F	55-59 years	55-59	2009	2009	1279	1164471	109.835281428219
Black or African American	Female	F	55-59 years	55-59	2010	2010	1260	1194067	105.521716955581
Black or African American	Female	F	55-59 years	55-59	2011	2011	1287	1242711	103.563901824318
Black or African American	Female	F	55-59 years	55-59	2012	2012	1289	1292069	99.7624739855224
Black or African American	Female	F	55-59 years	55-59	2013	2013	1342	1330735	100.846524664941
Black or African American	Female	F	55-59 years	55-59	2014	2014	1300	1364351	95.2833984803031
Black or African American	Female	F	55-59 years	55-59	2015	2015	1349	1395987	96.6341377104515
Black or African American	Female	F	55-59 years	55-59	2016	2016	1341	1412482	94.9392629428198
Black or African American	Female	F	55-59 years	55-59	2017	2017	1315	1421202	92.5273113885289
Black or African American	Female	F	55-59 years	55-59	2018	2018	1308	1426347	91.7027904149551
Black or African American	Female	F	55-59 years	55-59	2019	2019	1241	1428980	86.8451622835869
Black or African American	Female	F	55-59 years	55-59	2020	2020	1387	1421662	97.5618677294603
Black or African American	Female	F	55-59 years	55-59	2021	2021	1419	1392255	101.920984302445
Black or African American	Female	F	55-59 years	55-59	2022	2022	1202	1417444	84.8005282748384
Black or African American	Female	F	60-64 years	60-64	1999	1999	1713	585855	292.393168958189
Black or African American	Female	F	60-64 years	60-64	2000	2000	1825	596149	306.131520811072
Black or African American	Female	F	60-64 years	60-64	2001	2001	1733	610941	283.660779027762
Black or African American	Female	F	60-64 years	60-64	2002	2002	1657	629297	263.30969319733
Black or African American	Female	F	60-64 years	60-64	2003	2003	1698	653908	259.669555962001
Black or African American	Female	F	60-64 years	60-64	2004	2004	1551	678186	228.698321699357
Black or African American	Female	F	60-64 years	60-64	2005	2005	1613	698748	230.84144784672
Black or African American	Female	F	60-64 years	60-64	2006	2006	1464	720394	203.222125670119
Black or African American	Female	F	60-64 years	60-64	2007	2007	1491	768767	193.946930604461
Black or African American	Female	F	60-64 years	60-64	2008	2008	1541	815179	189.038235773983
Black or African American	Female	F	60-64 years	60-64	2009	2009	1516	873483	173.558042915546
Black or African American	Female	F	60-64 years	60-64	2010	2010	1524	927423	164.326310647892
Black or African American	Female	F	60-64 years	60-64	2011	2011	1533	1006503	152.309531119132
Black or African American	Female	F	60-64 years	60-64	2012	2012	1626	1040236	156.310683344933
Black or African American	Female	F	60-64 years	60-64	2013	2013	1568	1075039	145.855173626259
Black or African American	Female	F	60-64 years	60-64	2014	2014	1601	1114807	143.612302398532
Black or African American	Female	F	60-64 years	60-64	2015	2015	1711	1153658	148.310851222806
Black or African American	Female	F	60-64 years	60-64	2016	2016	1774	1190046	149.06986788746
Black or African American	Female	F	60-64 years	60-64	2017	2017	1807	1239642	145.767891052417
Black or African American	Female	F	60-64 years	60-64	2018	2018	1870	1272746	146.926409511403
Black or African American	Female	F	60-64 years	60-64	2019	2019	1803	1301964	138.483091698388
Black or African American	Female	F	60-64 years	60-64	2020	2020	2048	1329313	154.064543113623
Black or African American	Female	F	60-64 years	60-64	2021	2021	2024	1321124	153.202878760813
Black or African American	Female	F	60-64 years	60-64	2022	2022	1915	1343676	142.519476421399
Black or African American	Female	F	65-69 years	65-69	1999	1999	2433	507961	478.973779483071
Black or African American	Female	F	65-69 years	65-69	2000	2000	2409	508629	473.626159735288
Black or African American	Female	F	65-69 years	65-69	2001	2001	2399	522334	459.284672259512
Black or African American	Female	F	65-69 years	65-69	2002	2002	2190	530031	413.183379840047
Black or African American	Female	F	65-69 years	65-69	2003	2003	2129	539527	394.604903925105
Black or African American	Female	F	65-69 years	65-69	2004	2004	1997	548655	363.98100810163
Black or African American	Female	F	65-69 years	65-69	2005	2005	1872	561769	333.233054867748
Black or African American	Female	F	65-69 years	65-69	2006	2006	1794	574475	312.285129901214
Black or African American	Female	F	65-69 years	65-69	2007	2007	1779	592733	300.135136731041
Black or African American	Female	F	65-69 years	65-69	2008	2008	1647	617326	266.795825868342
Black or African American	Female	F	65-69 years	65-69	2009	2009	1701	641482	265.167222151206
Black or African American	Female	F	65-69 years	65-69	2010	2010	1649	657563	250.774450508925
Black or African American	Female	F	65-69 years	65-69	2011	2011	1618	680703	237.695441330507
Black or African American	Female	F	65-69 years	65-69	2012	2012	1609	729212	220.649139070668
Black or African American	Female	F	65-69 years	65-69	2013	2013	1770	774692	228.477898313136
Black or African American	Female	F	65-69 years	65-69	2014	2014	1798	828528	217.011374389278
Black or African American	Female	F	65-69 years	65-69	2015	2015	1811	885437	204.531773576212
Black or African American	Female	F	65-69 years	65-69	2016	2016	2136	946010	225.790425048361
Black or African American	Female	F	65-69 years	65-69	2017	2017	1998	978448	204.20093862934
Black or African American	Female	F	65-69 years	65-69	2018	2018	2070	1007581	205.442540103476
Black or African American	Female	F	65-69 years	65-69	2019	2019	2124	1042963	203.650560949909
Black or African American	Female	F	65-69 years	65-69	2020	2020	2462	1077483	228.495484383512
Black or African American	Female	F	65-69 years	65-69	2021	2021	2411	1088159	221.566884986477
Black or African American	Female	F	65-69 years	65-69	2022	2022	2275	1106126	205.672771456416
Black or African American	Female	F	70-74 years	70-74	1999	1999	3328	435255	764.60925204765
Black or African American	Female	F	70-74 years	70-74	2000	2000	3195	440786	724.841533079544
Black or African American	Female	F	70-74 years	70-74	2001	2001	2898	440752	657.51261480379
Black or African American	Female	F	70-74 years	70-74	2002	2002	2835	442356	640.886525784662
Black or African American	Female	F	70-74 years	70-74	2003	2003	2677	446877	599.046270002708
Black or African American	Female	F	70-74 years	70-74	2004	2004	2537	450801	562.776036432927
Black or African American	Female	F	70-74 years	70-74	2005	2005	2352	456614	515.09590157113
Black or African American	Female	F	70-74 years	70-74	2006	2006	2260	466664	484.288481648467
Black or African American	Female	F	70-74 years	70-74	2007	2007	2192	472797	463.623923163641
Black or African American	Female	F	70-74 years	70-74	2008	2008	2066	480483	429.983995271425
Black or African American	Female	F	70-74 years	70-74	2009	2009	1993	487912	408.475298824378
Black or African American	Female	F	70-74 years	70-74	2010	2010	1900	496664	382.552389543031
Black or African American	Female	F	70-74 years	70-74	2011	2011	1964	515854	380.727880369252
Black or African American	Female	F	70-74 years	70-74	2012	2012	1914	531565	360.068853291695
Black or African American	Female	F	70-74 years	70-74	2013	2013	1972	556554	354.323210326401
Black or African American	Female	F	70-74 years	70-74	2014	2014	1972	581078	339.369241306675
Black or African American	Female	F	70-74 years	70-74	2015	2015	2041	603471	338.210121116011
Black or African American	Female	F	70-74 years	70-74	2016	2016	2048	621831	329.349935915064
Black or African American	Female	F	70-74 years	70-74	2017	2017	2092	668247	313.057896256923
Black or African American	Female	F	70-74 years	70-74	2018	2018	2156	708288	304.395951929159
Black or African American	Female	F	70-74 years	70-74	2019	2019	2176	756006	287.828403478279
Black or African American	Female	F	70-74 years	70-74	2020	2020	2621	806836	324.849163894521
Black or African American	Female	F	70-74 years	70-74	2021	2021	2565	836516	306.628922817974
Black or African American	Female	F	70-74 years	70-74	2022	2022	2547	849725	299.744034834799
Black or African American	Female	F	75-79 years	75-79	1999	1999	4132	343390	1203.29654328897
Black or African American	Female	F	75-79 years	75-79	2000	2000	3994	344364	1159.81926101451
Black or African American	Female	F	75-79 years	75-79	2001	2001	3897	354673	1098.75857479989
Black or African American	Female	F	75-79 years	75-79	2002	2002	3825	359611	1063.64933219507
Black or African American	Female	F	75-79 years	75-79	2003	2003	3517	363417	967.7588004964
Black or African American	Female	F	75-79 years	75-79	2004	2004	3278	365192	897.610024315976
Black or African American	Female	F	75-79 years	75-79	2005	2005	3235	368751	877.285756513203
Black or African American	Female	F	75-79 years	75-79	2006	2006	2865	367499	779.593958078798
Black or African American	Female	F	75-79 years	75-79	2007	2007	2679	368272	727.451448929052
Black or African American	Female	F	75-79 years	75-79	2008	2008	2564	371717	689.772057775135
Black or African American	Female	F	75-79 years	75-79	2009	2009	2495	374583	666.074007629818
Black or African American	Female	F	75-79 years	75-79	2010	2010	2346	378077	620.508520751064
Black or African American	Female	F	75-79 years	75-79	2011	2011	2294	393168	583.46559231677
Black or African American	Female	F	75-79 years	75-79	2012	2012	2204	399504	551.684088269454
Black or African American	Female	F	75-79 years	75-79	2013	2013	2206	409261	539.020331768725
Black or African American	Female	F	75-79 years	75-79	2014	2014	2188	420226	520.672209715724
Black or African American	Female	F	75-79 years	75-79	2015	2015	2185	433526	504.006680106845
Black or African American	Female	F	75-79 years	75-79	2016	2016	2226	445948	499.161337196265
Black or African American	Female	F	75-79 years	75-79	2017	2017	2204	464257	474.737052968507
Black or African American	Female	F	75-79 years	75-79	2018	2018	2247	486475	461.894239169536
Black or African American	Female	F	75-79 years	75-79	2019	2019	2313	508214	455.123235487413
Black or African American	Female	F	75-79 years	75-79	2020	2020	2631	526453	499.759712642914
Black or African American	Female	F	75-79 years	75-79	2021	2021	2520	512535	491.673739354386
Black or African American	Female	F	75-79 years	75-79	2022	2022	2441	520724	468.770404283267
Black or African American	Female	F	80-84 years	80-84	1999	1999	4178	227780	1834.22600755115
Black or African American	Female	F	80-84 years	80-84	2000	2000	4071	231454	1758.88081433028
Black or African American	Female	F	80-84 years	80-84	2001	2001	4106	237908	1725.87722985356
Black or African American	Female	F	80-84 years	80-84	2002	2002	4081	243879	1673.37081093493
Black or African American	Female	F	80-84 years	80-84	2003	2003	3938	249644	1577.44628350771
Black or African American	Female	F	80-84 years	80-84	2004	2004	3806	254780	1493.83782086506
Black or African American	Female	F	80-84 years	80-84	2005	2005	3689	258762	1425.63436671536
Black or African American	Female	F	80-84 years	80-84	2006	2006	3543	264538	1339.31609069396
Black or African American	Female	F	80-84 years	80-84	2007	2007	3308	268871	1230.32978640314
Black or African American	Female	F	80-84 years	80-84	2008	2008	3150	272279	1156.90156053166
Black or African American	Female	F	80-84 years	80-84	2009	2009	3023	274423	1101.58405089952
Black or African American	Female	F	80-84 years	80-84	2010	2010	2912	277702	1048.6060597331
Black or African American	Female	F	80-84 years	80-84	2011	2011	2803	281890	994.359501933378
Black or African American	Female	F	80-84 years	80-84	2012	2012	2614	284580	918.546630121583
Black or African American	Female	F	80-84 years	80-84	2013	2013	2620	290087	903.177322665269
Black or African American	Female	F	80-84 years	80-84	2014	2014	2507	296006	846.942291710303
Black or African American	Female	F	80-84 years	80-84	2015	2015	2403	303164	792.640287105329
Black or African American	Female	F	80-84 years	80-84	2016	2016	2552	312789	815.885469118159
Black or African American	Female	F	80-84 years	80-84	2017	2017	2404	321524	747.689130515918
Black or African American	Female	F	80-84 years	80-84	2018	2018	2458	329857	745.171392451881
Black or African American	Female	F	80-84 years	80-84	2019	2019	2388	341870	698.511129961681
Black or African American	Female	F	80-84 years	80-84	2020	2020	2746	351927	780.275454852853
Black or African American	Female	F	80-84 years	80-84	2021	2021	2484	337044	736.995763164453
Black or African American	Female	F	80-84 years	80-84	2022	2022	2406	342317	702.857293093828
Black or African American	Female	F	85+ years	85+	1999	1999	8826	225142	3920.1925895657
Black or African American	Female	F	85+ years	85+	2000	2000	8766	229308	3822.80600764038
Black or African American	Female	F	85+ years	85+	2001	2001	8767	226836	3864.90680491633
Black or African American	Female	F	85+ years	85+	2002	2002	8680	225501	3849.20687713137
Black or African American	Female	F	85+ years	85+	2003	2003	8524	225873	3773.80209232622
Black or African American	Female	F	85+ years	85+	2004	2004	7849	228060	3441.63816539507
Black or African American	Female	F	85+ years	85+	2005	2005	7785	235430	3306.71537187274
Black or African American	Female	F	85+ years	85+	2006	2006	7425	241177	3078.65177856927
Black or African American	Female	F	85+ years	85+	2007	2007	7301	249077	2931.22207188942
Black or African American	Female	F	85+ years	85+	2008	2008	7138	257804	2768.77007338909
Black or African American	Female	F	85+ years	85+	2009	2009	6666	267385	2493.03438861567
Black or African American	Female	F	85+ years	85+	2010	2010	6674	275593	2421.68705300933
Black or African American	Female	F	85+ years	85+	2011	2011	6442	284598	2263.54366509954
Black or African American	Female	F	85+ years	85+	2012	2012	6510	299097	2176.55141977352
Black or African American	Female	F	85+ years	85+	2013	2013	6423	309079	2078.10948010056
Black or African American	Female	F	85+ years	85+	2014	2014	6089	318456	1912.03808375411
Black or African American	Female	F	85+ years	85+	2015	2015	6134	328330	1868.24231718089
Black or African American	Female	F	85+ years	85+	2016	2016	5840	335598	1740.17723585957
Black or African American	Female	F	85+ years	85+	2017	2017	5907	345025	1712.04985146004
Black or African American	Female	F	85+ years	85+	2018	2018	5835	354052	1648.06299639601
Black or African American	Female	F	85+ years	85+	2019	2019	5849	360819	1621.03436903267
Black or African American	Female	F	85+ years	85+	2020	2020	6435	369171	1743.09466344865
Black or African American	Female	F	85+ years	85+	2021	2021	5332	333725	1597.72267585587
Black or African American	Female	F	85+ years	85+	2022	2022	5289	339046	1559.96531444111
Black or African American	Male	M	35-39 years	35-39	1999	1999	344	1334212	25.7830089970709
Black or African American	Male	M	35-39 years	35-39	2000	2000	304	1333184	22.8025538860352
Black or African American	Male	M	35-39 years	35-39	2001	2001	333	1322748	25.1748632392565
Black or African American	Male	M	35-39 years	35-39	2002	2002	322	1298817	24.7917912993131
Black or African American	Male	M	35-39 years	35-39	2003	2003	285	1273108	22.3861604828498
Black or African American	Male	M	35-39 years	35-39	2004	2004	261	1248378	20.9071290907081
Black or African American	Male	M	35-39 years	35-39	2005	2005	320	1238840	25.8306157373026
Black or African American	Male	M	35-39 years	35-39	2006	2006	298	1244414	23.9470144180313
Black or African American	Male	M	35-39 years	35-39	2007	2007	263	1253650	20.9787420731464
Black or African American	Male	M	35-39 years	35-39	2008	2008	253	1253548	20.1827133863243
Black or African American	Male	M	35-39 years	35-39	2009	2009	274	1244299	22.0204307807046
Black or African American	Male	M	35-39 years	35-39	2010	2010	260	1226242	21.2029925577496
Black or African American	Male	M	35-39 years	35-39	2011	2011	232	1193704	19.4353038944328
Black or African American	Male	M	35-39 years	35-39	2012	2012	255	1189759	21.4329120435315
Black or African American	Male	M	35-39 years	35-39	2013	2013	253	1199943	21.0843348392382
Black or African American	Male	M	35-39 years	35-39	2014	2014	250	1231071	20.3075208497317
Black or African American	Male	M	35-39 years	35-39	2015	2015	272	1271310	21.3952537146723
Black or African American	Male	M	35-39 years	35-39	2016	2016	265	1303281	20.3332972705042
Black or African American	Male	M	35-39 years	35-39	2017	2017	245	1336143	18.3363607039067
Black or African American	Male	M	35-39 years	35-39	2018	2018	299	1361639	21.9588304976576
Black or African American	Male	M	35-39 years	35-39	2019	2019	294	1374076	21.3961964258163
Black or African American	Male	M	35-39 years	35-39	2020	2020	314	1383849	22.6903368792404
Black or African American	Male	M	35-39 years	35-39	2021	2021	331	1389062	23.8290299497071
Black or African American	Male	M	35-39 years	35-39	2022	2022	351	1434248	24.4727550604916
Black or African American	Male	M	40-44 years	40-44	1999	1999	761	1248357	60.9601259896007
Black or African American	Male	M	40-44 years	40-44	2000	2000	707	1273647	55.5098861772532
Black or African American	Male	M	40-44 years	40-44	2001	2001	709	1304062	54.3685806349698
Black or African American	Male	M	40-44 years	40-44	2002	2002	690	1314793	52.4797439596956
Black or African American	Male	M	40-44 years	40-44	2003	2003	722	1321512	54.6343884883376
Black or African American	Male	M	40-44 years	40-44	2004	2004	651	1331998	48.8739472581791
Black or African American	Male	M	40-44 years	40-44	2005	2005	605	1329094	45.5197299814761
Black or African American	Male	M	40-44 years	40-44	2006	2006	603	1324308	45.5332143277848
Black or African American	Male	M	40-44 years	40-44	2007	2007	585	1305269	44.8183477888466
Black or African American	Male	M	40-44 years	40-44	2008	2008	560	1286275	43.5365687741735
Black or African American	Male	M	40-44 years	40-44	2009	2009	541	1262389	42.8552530163048
Black or African American	Male	M	40-44 years	40-44	2010	2010	485	1257524	38.5678523829366
Black or African American	Male	M	40-44 years	40-44	2011	2011	534	1256689	42.492613526497
Black or African American	Male	M	40-44 years	40-44	2012	2012	555	1261822	43.9840167630617
Black or African American	Male	M	40-44 years	40-44	2013	2013	534	1254873	42.5541070690022
Black or African American	Male	M	40-44 years	40-44	2014	2014	493	1246955	39.5363104522617
Black or African American	Male	M	40-44 years	40-44	2015	2015	485	1226949	39.5289453758877
Black or African American	Male	M	40-44 years	40-44	2016	2016	520	1199479	43.3521553941336
Black or African American	Male	M	40-44 years	40-44	2017	2017	475	1197949	39.6511036780364
Black or African American	Male	M	40-44 years	40-44	2018	2018	507	1203743	42.1186249888888
Black or African American	Male	M	40-44 years	40-44	2019	2019	536	1228028	43.6472132557238
Black or African American	Male	M	40-44 years	40-44	2020	2020	601	1265505	47.4909225961178
Black or African American	Male	M	40-44 years	40-44	2021	2021	665	1292454	51.4525081743722
Black or African American	Male	M	40-44 years	40-44	2022	2022	630	1329553	47.3843464683243
Black or African American	Male	M	45-49 years	45-49	1999	1999	1244	1027188	121.107333808417
Black or African American	Male	M	45-49 years	45-49	2000	2000	1294	1061019	121.958230719714
Black or African American	Male	M	45-49 years	45-49	2001	2001	1218	1105384	110.187952783829
Black or African American	Male	M	45-49 years	45-49	2002	2002	1249	1153639	108.266104041212
Black or African American	Male	M	45-49 years	45-49	2003	2003	1329	1196401	111.083156901407
Black or African American	Male	M	45-49 years	45-49	2004	2004	1268	1231607	102.954919872979
Black or African American	Male	M	45-49 years	45-49	2005	2005	1286	1267913	101.426517434556
Black or African American	Male	M	45-49 years	45-49	2006	2006	1256	1293433	97.1059188995487
Black or African American	Male	M	45-49 years	45-49	2007	2007	1155	1307530	88.3344932812249
Black or African American	Male	M	45-49 years	45-49	2008	2008	1076	1318543	81.6052263748698
Black or African American	Male	M	45-49 years	45-49	2009	2009	1075	1330207	80.8144897748997
Black or African American	Male	M	45-49 years	45-49	2010	2010	1093	1329666	82.2010941093478
Black or African American	Male	M	45-49 years	45-49	2011	2011	1038	1313392	79.0320026313545
Black or African American	Male	M	45-49 years	45-49	2012	2012	1009	1293068	78.0314724360977
Black or African American	Male	M	45-49 years	45-49	2013	2013	965	1269490	76.0147775878502
Black or African American	Male	M	45-49 years	45-49	2014	2014	910	1247238	72.9612151008869
Black or African American	Male	M	45-49 years	45-49	2015	2015	839	1240517	67.6330916867725
Black or African American	Male	M	45-49 years	45-49	2016	2016	968	1242735	77.8927124447288
Black or African American	Male	M	45-49 years	45-49	2017	2017	956	1249902	76.4859965021258
Black or African American	Male	M	45-49 years	45-49	2018	2018	908	1240961	73.1691003988038
Black or African American	Male	M	45-49 years	45-49	2019	2019	866	1229131	70.4562817144796
Black or African American	Male	M	45-49 years	45-49	2020	2020	1036	1207681	85.7842426932278
Black or African American	Male	M	45-49 years	45-49	2021	2021	1046	1180757	88.5872368319646
Black or African American	Male	M	45-49 years	45-49	2022	2022	969	1208868	80.1576350767826
Black or African American	Male	M	50-54 years	50-54	1999	1999	1832	788057	232.470493885595
Black or African American	Male	M	50-54 years	50-54	2000	2000	1776	834987	212.697922243101
Black or African American	Male	M	50-54 years	50-54	2001	2001	1926	912639	211.036346244243
Black or African American	Male	M	50-54 years	50-54	2002	2002	1980	945720	209.364293871336
Black or African American	Male	M	50-54 years	50-54	2003	2003	2045	979716	208.733959637283
Black or African American	Male	M	50-54 years	50-54	2004	2004	2005	1017168	197.115913988643
Black or African American	Male	M	50-54 years	50-54	2005	2005	2056	1054056	195.056050152933
Black or African American	Male	M	50-54 years	50-54	2006	2006	2027	1093251	185.410303763729
Black or African American	Male	M	50-54 years	50-54	2007	2007	2009	1144327	175.561705701255
Black or African American	Male	M	50-54 years	50-54	2008	2008	1867	1191230	156.72875934958
Black or African American	Male	M	50-54 years	50-54	2009	2009	1906	1229480	155.024888570778
Black or African American	Male	M	50-54 years	50-54	2010	2010	1835	1260649	145.559945710503
Black or African American	Male	M	50-54 years	50-54	2011	2011	1789	1280547	139.705922547161
Black or African American	Male	M	50-54 years	50-54	2012	2012	1725	1286971	134.035654261052
Black or African American	Male	M	50-54 years	50-54	2013	2013	1714	1291678	132.695609896584
Black or African American	Male	M	50-54 years	50-54	2014	2014	1713	1296563	132.118531841492
Black or African American	Male	M	50-54 years	50-54	2015	2015	1642	1291152	127.17325303295
Black or African American	Male	M	50-54 years	50-54	2016	2016	1635	1277354	127.998972876744
Black or African American	Male	M	50-54 years	50-54	2017	2017	1639	1259223	130.159630184646
Black or African American	Male	M	50-54 years	50-54	2018	2018	1611	1234617	130.485810579313
Black or African American	Male	M	50-54 years	50-54	2019	2019	1480	1208849	122.430510344965
Black or African American	Male	M	50-54 years	50-54	2020	2020	1802	1200964	150.046129609214
Black or African American	Male	M	50-54 years	50-54	2021	2021	1787	1217518	146.774010733312
Black or African American	Male	M	50-54 years	50-54	2022	2022	1601	1241315	128.976126124312
Black or African American	Male	M	55-59 years	55-59	1999	1999	2290	573942	398.995020402758
Black or African American	Male	M	55-59 years	55-59	2000	2000	2287	590653	387.198575136332
Black or African American	Male	M	55-59 years	55-59	2001	2001	2210	616383	358.543308300196
Black or African American	Male	M	55-59 years	55-59	2002	2002	2297	662769	346.57625809294
Black or African American	Male	M	55-59 years	55-59	2003	2003	2245	706655	317.693924192145
Black or African American	Male	M	55-59 years	55-59	2004	2004	2345	758635	309.107805466397
Black or African American	Male	M	55-59 years	55-59	2005	2005	2484	820971	302.56854383407
Black or African American	Male	M	55-59 years	55-59	2006	2006	2554	881087	289.869218363226
Black or African American	Male	M	55-59 years	55-59	2007	2007	2546	912345	279.061100789723
Black or African American	Male	M	55-59 years	55-59	2008	2008	2495	945305	263.935978335035
Black or African American	Male	M	55-59 years	55-59	2009	2009	2483	981716	252.924471028281
Black or African American	Male	M	55-59 years	55-59	2010	2010	2445	1009656	242.161686752716
Black or African American	Male	M	55-59 years	55-59	2011	2011	2383	1054879	225.902686469254
Black or African American	Male	M	55-59 years	55-59	2012	2012	2511	1100716	228.12423913162
Black or African American	Male	M	55-59 years	55-59	2013	2013	2555	1139012	224.317215270779
Black or African American	Male	M	55-59 years	55-59	2014	2014	2560	1171735	218.47943434309
Black or African American	Male	M	55-59 years	55-59	2015	2015	2565	1200683	213.628409830072
Black or African American	Male	M	55-59 years	55-59	2016	2016	2592	1216592	213.054170995699
Black or African American	Male	M	55-59 years	55-59	2017	2017	2671	1224431	218.142141125143
Black or African American	Male	M	55-59 years	55-59	2018	2018	2618	1227043	213.358456060627
Black or African American	Male	M	55-59 years	55-59	2019	2019	2566	1228490	208.874309111185
Black or African American	Male	M	55-59 years	55-59	2020	2020	2826	1221168	231.417790181204
Black or African American	Male	M	55-59 years	55-59	2021	2021	2791	1225274	227.785785057057
Black or African American	Male	M	55-59 years	55-59	2022	2022	2454	1245216	197.074242541053
Black or African American	Male	M	60-64 years	60-64	1999	1999	2690	459389	585.560385642669
Black or African American	Male	M	60-64 years	60-64	2000	2000	2646	470342	562.569364419933
Black or African American	Male	M	60-64 years	60-64	2001	2001	2622	483638	542.141022831126
Black or African American	Male	M	60-64 years	60-64	2002	2002	2664	497980	534.961243423431
Black or African American	Male	M	60-64 years	60-64	2003	2003	2626	518313	506.643668979941
Black or African American	Male	M	60-64 years	60-64	2004	2004	2515	538700	466.864674215704
Black or African American	Male	M	60-64 years	60-64	2005	2005	2595	556778	466.074449780703
Black or African American	Male	M	60-64 years	60-64	2006	2006	2561	576788	444.010624354182
Black or African American	Male	M	60-64 years	60-64	2007	2007	2586	620088	417.037581762589
Black or African American	Male	M	60-64 years	60-64	2008	2008	2544	661596	384.524694828868
Black or African American	Male	M	60-64 years	60-64	2009	2009	2664	710808	374.78475200054
Black or African American	Male	M	60-64 years	60-64	2010	2010	2642	757918	348.586522552572
Black or African American	Male	M	60-64 years	60-64	2011	2011	2842	820245	346.481843839341
Black or African American	Male	M	60-64 years	60-64	2012	2012	2940	844889	347.97470436945
Black or African American	Male	M	60-64 years	60-64	2013	2013	2935	872930	336.223981304343
Black or African American	Male	M	60-64 years	60-64	2014	2014	2987	904640	330.18659356208
Black or African American	Male	M	60-64 years	60-64	2015	2015	3081	938589	328.258694700236
Black or African American	Male	M	60-64 years	60-64	2016	2016	3204	971972	329.639125406905
Black or African American	Male	M	60-64 years	60-64	2017	2017	3334	1015295	328.377466647625
Black or African American	Male	M	60-64 years	60-64	2018	2018	3473	1048087	331.365621365402
Black or African American	Male	M	60-64 years	60-64	2019	2019	3468	1076824	322.058200783043
Black or African American	Male	M	60-64 years	60-64	2020	2020	4011	1102596	363.777847915284
Black or African American	Male	M	60-64 years	60-64	2021	2021	4019	1127301	356.515251915859
Black or African American	Male	M	60-64 years	60-64	2022	2022	3760	1145245	328.314028875917
Black or African American	Male	M	65-69 years	65-69	1999	1999	3135	376469	832.737888112965
Black or African American	Male	M	65-69 years	65-69	2000	2000	2896	375235	771.783015976655
Black or African American	Male	M	65-69 years	65-69	2001	2001	3007	388334	774.333434620713
Black or African American	Male	M	65-69 years	65-69	2002	2002	2920	396851	735.792526666179
Black or African American	Male	M	65-69 years	65-69	2003	2003	2860	406305	703.904702132634
Black or African American	Male	M	65-69 years	65-69	2004	2004	2724	415865	655.020258978274
Black or African American	Male	M	65-69 years	65-69	2005	2005	2560	427014	599.511959795229
Black or African American	Male	M	65-69 years	65-69	2006	2006	2617	436847	599.065576735104
Black or African American	Male	M	65-69 years	65-69	2007	2007	2533	450394	562.396479526814
Black or African American	Male	M	65-69 years	65-69	2008	2008	2689	470048	572.069235482334
Black or African American	Male	M	65-69 years	65-69	2009	2009	2650	489532	541.333355122852
Black or African American	Male	M	65-69 years	65-69	2010	2010	2484	503596	493.252527819919
Black or African American	Male	M	65-69 years	65-69	2011	2011	2551	524064	486.772607925749
Black or African American	Male	M	65-69 years	65-69	2012	2012	2672	564112	473.664804152367
Black or African American	Male	M	65-69 years	65-69	2013	2013	2733	601865	454.088541450325
Black or African American	Male	M	65-69 years	65-69	2014	2014	2820	642116	439.17298432059
Black or African American	Male	M	65-69 years	65-69	2015	2015	3000	686820	436.795666986984
Black or African American	Male	M	65-69 years	65-69	2016	2016	3382	732181	461.907643055474
Black or African American	Male	M	65-69 years	65-69	2017	2017	3515	753775	466.319525057212
Black or African American	Male	M	65-69 years	65-69	2018	2018	3581	774325	462.467310237949
Black or African American	Male	M	65-69 years	65-69	2019	2019	3547	800482	443.108027413483
Black or African American	Male	M	65-69 years	65-69	2020	2020	4139	827816	499.990336016699
Black or African American	Male	M	65-69 years	65-69	2021	2021	4180	860401	485.819983937722
Black or African American	Male	M	65-69 years	65-69	2022	2022	4227	874149	483.556007042278
Black or African American	Male	M	70-74 years	70-74	1999	1999	3606	288848	1248.40746690301
Black or African American	Male	M	70-74 years	70-74	2000	2000	3509	292654	1199.02683715241
Black or African American	Male	M	70-74 years	70-74	2001	2001	3348	295838	1131.70045768292
Black or African American	Male	M	70-74 years	70-74	2002	2002	3166	299173	1058.2505774251
Black or African American	Male	M	70-74 years	70-74	2003	2003	3237	304832	1061.89638883057
Black or African American	Male	M	70-74 years	70-74	2004	2004	2948	309884	951.32372113436
Black or African American	Male	M	70-74 years	70-74	2005	2005	2823	316960	890.648662291772
Black or African American	Male	M	70-74 years	70-74	2006	2006	2870	325778	880.968021167789
Black or African American	Male	M	70-74 years	70-74	2007	2007	2684	332403	807.45360300599
Black or African American	Male	M	70-74 years	70-74	2008	2008	2593	339526	763.711762869412
Black or African American	Male	M	70-74 years	70-74	2009	2009	2531	346696	730.034381706163
Black or African American	Male	M	70-74 years	70-74	2010	2010	2458	353284	695.757520861403
Black or African American	Male	M	70-74 years	70-74	2011	2011	2557	368663	693.587368409632
Black or African American	Male	M	70-74 years	70-74	2012	2012	2438	380768	640.284897890579
Black or African American	Male	M	70-74 years	70-74	2013	2013	2610	400090	652.353220525382
Black or African American	Male	M	70-74 years	70-74	2014	2014	2557	417580	612.337755639638
Black or African American	Male	M	70-74 years	70-74	2015	2015	2743	434557	631.217538780873
Black or African American	Male	M	70-74 years	70-74	2016	2016	2745	449661	610.459879776098
Black or African American	Male	M	70-74 years	70-74	2017	2017	2965	485493	610.71941305024
Black or African American	Male	M	70-74 years	70-74	2018	2018	3144	516472	608.74548862281
Black or African American	Male	M	70-74 years	70-74	2019	2019	3102	550140	563.856472897808
Black or African American	Male	M	70-74 years	70-74	2020	2020	3835	586258	654.148855964439
Black or African American	Male	M	70-74 years	70-74	2021	2021	4004	614962	651.097140961555
Black or African American	Male	M	70-74 years	70-74	2022	2022	3929	624990	628.650058400934
Black or African American	Male	M	75-79 years	75-79	1999	1999	3559	206886	1720.27106715776
Black or African American	Male	M	75-79 years	75-79	2000	2000	3543	207597	1706.672061735
Black or African American	Male	M	75-79 years	75-79	2001	2001	3527	213265	1653.81098633156
Black or African American	Male	M	75-79 years	75-79	2002	2002	3351	215637	1554.00047301715
Black or African American	Male	M	75-79 years	75-79	2003	2003	3387	217510	1557.16978529723
Black or African American	Male	M	75-79 years	75-79	2004	2004	3031	218650	1386.23370683741
Black or African American	Male	M	75-79 years	75-79	2005	2005	2997	222432	1347.37807509711
Black or African American	Male	M	75-79 years	75-79	2006	2006	2889	223131	1294.75509902255
Black or African American	Male	M	75-79 years	75-79	2007	2007	2675	225410	1186.72640965352
Black or African American	Male	M	75-79 years	75-79	2008	2008	2664	229456	1161.00690328429
Black or African American	Male	M	75-79 years	75-79	2009	2009	2460	232999	1055.79852274044
Black or African American	Male	M	75-79 years	75-79	2010	2010	2471	237296	1041.31548782955
Black or African American	Male	M	75-79 years	75-79	2011	2011	2395	250497	956.099274642012
Black or African American	Male	M	75-79 years	75-79	2012	2012	2478	256353	966.635849785257
Black or African American	Male	M	75-79 years	75-79	2013	2013	2448	264953	923.937453057712
Black or African American	Male	M	75-79 years	75-79	2014	2014	2472	274892	899.262255722247
Black or African American	Male	M	75-79 years	75-79	2015	2015	2564	284937	899.848036583525
Black or African American	Male	M	75-79 years	75-79	2016	2016	2473	293691	842.041465349636
Black or African American	Male	M	75-79 years	75-79	2017	2017	2537	306720	827.138758476787
Black or African American	Male	M	75-79 years	75-79	2018	2018	2731	322123	847.812792008022
Black or African American	Male	M	75-79 years	75-79	2019	2019	2706	336433	804.320622531083
Black or African American	Male	M	75-79 years	75-79	2020	2020	3078	349269	881.269165027529
Black or African American	Male	M	75-79 years	75-79	2021	2021	2975	344967	862.401331141819
Black or African American	Male	M	75-79 years	75-79	2022	2022	2993	350908	852.930112736102
Black or African American	Male	M	80-84 years	80-84	1999	1999	2766	112918	2449.56517118617
Black or African American	Male	M	80-84 years	80-84	2000	2000	2829	116516	2427.99272202959
Black or African American	Male	M	80-84 years	80-84	2001	2001	2892	120694	2396.1423103054
Black or African American	Male	M	80-84 years	80-84	2002	2002	2913	124874	2332.75141342473
Black or African American	Male	M	80-84 years	80-84	2003	2003	2984	128770	2317.30993243768
Black or African American	Male	M	80-84 years	80-84	2004	2004	2690	131758	2041.62176110749
Black or African American	Male	M	80-84 years	80-84	2005	2005	2743	134288	2042.62480638627
Black or African American	Male	M	80-84 years	80-84	2006	2006	2700	137456	1964.26492841346
Black or African American	Male	M	80-84 years	80-84	2007	2007	2471	139898	1766.28686614533
Black or African American	Male	M	80-84 years	80-84	2008	2008	2449	141976	1724.93942638192
Black or African American	Male	M	80-84 years	80-84	2009	2009	2305	143759	1603.37787547214
Black or African American	Male	M	80-84 years	80-84	2010	2010	2300	146421	1570.8129298393
Black or African American	Male	M	80-84 years	80-84	2011	2011	2217	150537	1472.72763506646
Black or African American	Male	M	80-84 years	80-84	2012	2012	2125	153654	1382.97733869603
Black or African American	Male	M	80-84 years	80-84	2013	2013	2117	159293	1328.99750773731
Black or African American	Male	M	80-84 years	80-84	2014	2014	2175	165193	1316.64174632097
Black or African American	Male	M	80-84 years	80-84	2015	2015	2148	171131	1255.17878116764
Black or African American	Male	M	80-84 years	80-84	2016	2016	2262	178668	1266.03532809457
Black or African American	Male	M	80-84 years	80-84	2017	2017	2289	185236	1235.72091818005
Black or African American	Male	M	80-84 years	80-84	2018	2018	2287	191500	1194.25587467363
Black or African American	Male	M	80-84 years	80-84	2019	2019	2313	201218	1149.49954775418
Black or African American	Male	M	80-84 years	80-84	2020	2020	2622	207884	1261.28032941448
Black or African American	Male	M	80-84 years	80-84	2021	2021	2291	200559	1142.3072512328
Black or African American	Male	M	80-84 years	80-84	2022	2022	2411	204065	1181.48629113273
Black or African American	Male	M	85+ years	85+	1999	1999	3655	84140	4343.95055859282
Black or African American	Male	M	85+ years	85+	2000	2000	3526	85165	4140.1984383256
Black or African American	Male	M	85+ years	85+	2001	2001	3447	82735	4166.31413549284
Black or African American	Male	M	85+ years	85+	2002	2002	3431	81399	4215.03949679971
Black or African American	Male	M	85+ years	85+	2003	2003	3283	81395	4033.41728607408
Black or African American	Male	M	85+ years	85+	2004	2004	3264	82755	3944.17255754939
Black or African American	Male	M	85+ years	85+	2005	2005	3140	86445	3632.36740123778
Black or African American	Male	M	85+ years	85+	2006	2006	3100	89393	3467.83305180495
Black or African American	Male	M	85+ years	85+	2007	2007	3092	93512	3306.5275044914
Black or African American	Male	M	85+ years	85+	2008	2008	3077	98066	3137.68278506312
Black or African American	Male	M	85+ years	85+	2009	2009	3001	103138	2909.69380829568
Black or African American	Male	M	85+ years	85+	2010	2010	3004	107218	2801.76835979033
Black or African American	Male	M	85+ years	85+	2011	2011	2887	110893	2603.4104948013
Black or African American	Male	M	85+ years	85+	2012	2012	2948	119700	2462.82372598162
Black or African American	Male	M	85+ years	85+	2013	2013	2974	125196	2375.47525480047
Black or African American	Male	M	85+ years	85+	2014	2014	3022	131605	2296.26533946279
Black or African American	Male	M	85+ years	85+	2015	2015	2920	137328	2126.29616684143
Black or African American	Male	M	85+ years	85+	2016	2016	3080	141899	2170.55793205026
Black or African American	Male	M	85+ years	85+	2017	2017	2989	147833	2021.87603579715
Black or African American	Male	M	85+ years	85+	2018	2018	3057	153453	1992.14091611112
Black or African American	Male	M	85+ years	85+	2019	2019	3188	158499	2011.3691569032
Black or African American	Male	M	85+ years	85+	2020	2020	3469	163597	2120.45453156231
Black or African American	Male	M	85+ years	85+	2021	2021	3127	148429	2106.7311643951
Black or African American	Male	M	85+ years	85+	2022	2022	3047	151225	2014.87849231278
White	Female	F	35-39 years	35-39	1999	1999	444	8065587	5.50486901945265
White	Female	F	35-39 years	35-39	2000	2000	413	7922913	5.21272920704796
White	Female	F	35-39 years	35-39	2001	2001	398	7605475	5.2330722275729
White	Female	F	35-39 years	35-39	2002	2002	382	7331110	5.21067068970456
White	Female	F	35-39 years	35-39	2003	2003	383	7053358	5.43003772104011
White	Female	F	35-39 years	35-39	2004	2004	387	6821388	5.67333217227931
White	Female	F	35-39 years	35-39	2005	2005	347	6706426	5.17414193491436
White	Female	F	35-39 years	35-39	2006	2006	315	6677963	4.71700726703637
White	Female	F	35-39 years	35-39	2007	2007	315	6582209	4.78562743905579
White	Female	F	35-39 years	35-39	2008	2008	296	6433106	4.60119886101675
White	Female	F	35-39 years	35-39	2009	2009	299	6225356	4.80293817735082
White	Female	F	35-39 years	35-39	2010	2010	273	6048449	4.51355380528132
White	Female	F	35-39 years	35-39	2011	2011	249	5749992	4.33044080756982
White	Female	F	35-39 years	35-39	2012	2012	277	5665167	4.88952929366425
White	Female	F	35-39 years	35-39	2013	2013	238	5673580	4.19488224366273
White	Female	F	35-39 years	35-39	2014	2014	259	5731690	4.51873705660983
White	Female	F	35-39 years	35-39	2015	2015	267	5833729	4.57683241713833
White	Female	F	35-39 years	35-39	2016	2016	271	5961787	4.54561694337621
White	Female	F	35-39 years	35-39	2017	2017	267	6056650	4.40837756845781
White	Female	F	35-39 years	35-39	2018	2018	243	6141169	3.95690136519611
White	Female	F	35-39 years	35-39	2019	2019	232	6181915	3.75288239970947
White	Female	F	35-39 years	35-39	2020	2020	261	6204534	4.20660117262634
White	Female	F	35-39 years	35-39	2021	2021	263	6176169	4.25830316495549
White	Female	F	35-39 years	35-39	2022	2022	258	6278102	4.1095222728143
White	Female	F	40-44 years	40-44	1999	1999	848	8133518	10.4259927868851
White	Female	F	40-44 years	40-44	2000	2000	790	8166125	9.67411103797701
White	Female	F	40-44 years	40-44	2001	2001	875	8220183	10.6445318796431
White	Female	F	40-44 years	40-44	2002	2002	928	8166129	11.3640134756627
White	Female	F	40-44 years	40-44	2003	2003	959	8080271	11.868413819289
White	Female	F	40-44 years	40-44	2004	2004	868	7996027	10.8553910585845
White	Female	F	40-44 years	40-44	2005	2005	865	7823510	11.0564184106622
White	Female	F	40-44 years	40-44	2006	2006	810	7551583	10.7262278650715
White	Female	F	40-44 years	40-44	2007	2007	787	7278629	10.8124758110353
White	Female	F	40-44 years	40-44	2008	2008	775	7003322	11.0661768800578
White	Female	F	40-44 years	40-44	2009	2009	718	6772049	10.6024040877436
White	Female	F	40-44 years	40-44	2010	2010	663	6669786	9.94034891074466
White	Female	F	40-44 years	40-44	2011	2011	707	6638515	10.6499721699808
White	Female	F	40-44 years	40-44	2012	2012	705	6544669	10.7721261380828
White	Female	F	40-44 years	40-44	2013	2013	661	6398972	10.3297842215906
White	Female	F	40-44 years	40-44	2014	2014	669	6195322	10.7984702005804
White	Female	F	40-44 years	40-44	2015	2015	608	5972413	10.1801399199955
White	Female	F	40-44 years	40-44	2016	2016	589	5734030	10.2720076455826
White	Female	F	40-44 years	40-44	2017	2017	544	5643966	9.63861228079687
White	Female	F	40-44 years	40-44	2018	2018	540	5645389	9.56532844769422
White	Female	F	40-44 years	40-44	2019	2019	489	5698602	8.58105198432879
White	Female	F	40-44 years	40-44	2020	2020	555	5799848	9.56921629670295
White	Female	F	40-44 years	40-44	2021	2021	563	5897471	9.54646491691099
White	Female	F	40-44 years	40-44	2022	2022	563	5985369	9.40627052400612
White	Female	F	45-49 years	45-49	1999	1999	1431	7455738	19.1932710081819
White	Female	F	45-49 years	45-49	2000	2000	1361	7573110	17.9714806730656
White	Female	F	45-49 years	45-49	2001	2001	1451	7733075	18.7635578343673
White	Female	F	45-49 years	45-49	2002	2002	1566	7879024	19.8755581909638
White	Female	F	45-49 years	45-49	2003	2003	1636	7989220	20.4775935573185
White	Female	F	45-49 years	45-49	2004	2004	1647	8044996	20.4723532491502
White	Female	F	45-49 years	45-49	2005	2005	1643	8092109	20.3037304613667
White	Female	F	45-49 years	45-49	2006	2006	1663	8136683	20.4383039132777
White	Female	F	45-49 years	45-49	2007	2007	1631	8084577	20.1742156701581
White	Female	F	45-49 years	45-49	2008	2008	1644	8001922	20.5450640483624
White	Female	F	45-49 years	45-49	2009	2009	1485	7920775	18.7481654257317
White	Female	F	45-49 years	45-49	2010	2010	1550	7796240	19.8813787158938
White	Female	F	45-49 years	45-49	2011	2011	1455	7463157	19.4957710255861
White	Female	F	45-49 years	45-49	2012	2012	1457	7198963	20.2390260930637
White	Female	F	45-49 years	45-49	2013	2013	1274	6926729	18.3925197593265
White	Female	F	45-49 years	45-49	2014	2014	1249	6707094	18.6220738817735
White	Female	F	45-49 years	45-49	2015	2015	1300	6607066	19.6759045543059
White	Female	F	45-49 years	45-49	2016	2016	1182	6587079	17.944220799538
White	Female	F	45-49 years	45-49	2017	2017	1111	6488048	17.1237943985618
White	Female	F	45-49 years	45-49	2018	2018	1143	6336597	18.0380731171637
White	Female	F	45-49 years	45-49	2019	2019	1055	6135180	17.195909492468
White	Female	F	45-49 years	45-49	2020	2020	1102	5914090	18.6334668562704
White	Female	F	45-49 years	45-49	2021	2021	1128	5634132	20.0208301828924
White	Female	F	45-49 years	45-49	2022	2022	990	5707135	17.3467072357672
White	Female	F	50-54 years	50-54	1999	1999	2663	6656729	40.0046329060414
White	Female	F	50-54 years	50-54	2000	2000	2653	6873199	38.5992024965376
White	Female	F	50-54 years	50-54	2001	2001	2701	7248518	37.2627894419245
White	Female	F	50-54 years	50-54	2002	2002	2618	7178574	36.4696386775424
White	Female	F	50-54 years	50-54	2003	2003	2516	7261641	34.6478158311599
White	Female	F	50-54 years	50-54	2004	2004	2563	7390853	34.677999954809
White	Female	F	50-54 years	50-54	2005	2005	2634	7540599	34.9309119872307
White	Female	F	50-54 years	50-54	2006	2006	2580	7666481	33.6529889006442
White	Female	F	50-54 years	50-54	2007	2007	2611	7817829	33.3980188105931
White	Female	F	50-54 years	50-54	2008	2008	2765	7935231	34.8446062880841
White	Female	F	50-54 years	50-54	2009	2009	2611	7998446	32.6438410661271
White	Female	F	50-54 years	50-54	2010	2010	2651	8042859	32.9609160125771
White	Female	F	50-54 years	50-54	2011	2011	2635	8071899	32.6441150960883
White	Female	F	50-54 years	50-54	2012	2012	2632	8009019	32.8629511304693
White	Female	F	50-54 years	50-54	2013	2013	2657	7916921	33.561027071004
White	Female	F	50-54 years	50-54	2014	2014	2724	7815134	34.8554484158557
White	Female	F	50-54 years	50-54	2015	2015	2598	7634993	34.0275361090704
White	Female	F	50-54 years	50-54	2016	2016	2434	7355389	33.0913837459854
White	Female	F	50-54 years	50-54	2017	2017	2337	7089801	32.9628433858722
White	Female	F	50-54 years	50-54	2018	2018	2197	6817142	32.2275815877093
White	Female	F	50-54 years	50-54	2019	2019	1933	6599377	29.29064364712
White	Female	F	50-54 years	50-54	2020	2020	2097	6501091	32.2561243951208
White	Female	F	50-54 years	50-54	2021	2021	2134	6451717	33.0764663112161
White	Female	F	50-54 years	50-54	2022	2022	1942	6519597	29.7871172098521
White	Female	F	55-59 years	55-59	1999	1999	4196	5304072	79.1090317024354
White	Female	F	55-59 years	55-59	2000	2000	4199	5440411	77.1816688114188
White	Female	F	55-59 years	55-59	2001	2001	4080	5594924	72.9232425677275
White	Female	F	55-59 years	55-59	2002	2002	4211	6061053	69.4763764646176
White	Female	F	55-59 years	55-59	2003	2003	4169	6276773	66.4194802010524
White	Female	F	55-59 years	55-59	2004	2004	3976	6543979	60.7581411859665
White	Female	F	55-59 years	55-59	2005	2005	3993	6839972	58.3774319543998
White	Female	F	55-59 years	55-59	2006	2006	4094	7153684	57.2292541856755
White	Female	F	55-59 years	55-59	2007	2007	3878	7090471	54.6931226430515
White	Female	F	55-59 years	55-59	2008	2008	3811	7178391	53.0898915926981
White	Female	F	55-59 years	55-59	2009	2009	3824	7311741	52.2994455082586
White	Female	F	55-59 years	55-59	2010	2010	3798	7424695	51.1536164111792
White	Female	F	55-59 years	55-59	2011	2011	3808	7580924	50.2313438309103
White	Female	F	55-59 years	55-59	2012	2012	3991	7714989	51.7304690907531
White	Female	F	55-59 years	55-59	2013	2013	3883	7810125	49.7175141242938
White	Female	F	55-59 years	55-59	2014	2014	4104	7844960	52.3138422630581
White	Female	F	55-59 years	55-59	2015	2015	4132	7872823	52.4843502768956
White	Female	F	55-59 years	55-59	2016	2016	4283	7895816	54.2439185512935
White	Female	F	55-59 years	55-59	2017	2017	4220	7825343	53.9273486159009
White	Female	F	55-59 years	55-59	2018	2018	3959	7726628	51.238392737427
White	Female	F	55-59 years	55-59	2019	2019	3928	7625376	51.5122139550889
White	Female	F	55-59 years	55-59	2020	2020	4067	7450226	54.5889480399655
White	Female	F	55-59 years	55-59	2021	2021	4014	7172732	55.9619403039177
White	Female	F	55-59 years	55-59	2022	2022	3779	7236952	52.2181161350801
White	Female	F	60-64 years	60-64	1999	1999	6731	4417711	152.36397310734
White	Female	F	60-64 years	60-64	2000	2000	6235	4438847	140.464404382489
White	Female	F	60-64 years	60-64	2001	2001	6046	4553355	132.78121297373
White	Female	F	60-64 years	60-64	2002	2002	5938	4718079	125.856307196213
White	Female	F	60-64 years	60-64	2003	2003	6016	4979577	120.813474718837
White	Female	F	60-64 years	60-64	2004	2004	5859	5170611	113.313494285298
White	Female	F	60-64 years	60-64	2005	2005	5857	5326772	109.954020934254
White	Female	F	60-64 years	60-64	2006	2006	5754	5449501	105.587649217791
White	Female	F	60-64 years	60-64	2007	2007	5671	5906519	96.0125583275022
White	Female	F	60-64 years	60-64	2008	2008	5912	6124499	96.5303447677924
White	Female	F	60-64 years	60-64	2009	2009	5670	6392225	88.7015084731842
White	Female	F	60-64 years	60-64	2010	2010	5705	6624212	86.1234513629697
White	Female	F	60-64 years	60-64	2011	2011	5904	6975747	84.6360970373496
White	Female	F	60-64 years	60-64	2012	2012	5704	6902560	82.6360075102571
White	Female	F	60-64 years	60-64	2013	2013	5611	6975231	80.4417803510737
White	Female	F	60-64 years	60-64	2014	2014	5699	7093153	80.3450877205102
White	Female	F	60-64 years	60-64	2015	2015	5938	7239722	82.0197239617764
White	Female	F	60-64 years	60-64	2016	2016	5943	7349441	80.8632928681243
White	Female	F	60-64 years	60-64	2017	2017	6054	7471715	81.0255744497749
White	Female	F	60-64 years	60-64	2018	2018	5997	7550439	79.4258453051538
White	Female	F	60-64 years	60-64	2019	2019	6041	7581734	79.6783427115749
White	Female	F	60-64 years	60-64	2020	2020	6378	7604662	83.8696052500427
White	Female	F	60-64 years	60-64	2021	2021	6611	7556418	87.4885428519174
White	Female	F	60-64 years	60-64	2022	2022	6555	7616632	86.0616608495724
White	Female	F	65-69 years	65-69	1999	1999	10999	4128908	266.390047925505
White	Female	F	65-69 years	65-69	2000	2000	10105	4101812	246.354537945669
White	Female	F	65-69 years	65-69	2001	2001	9437	4063803	232.220902440399
White	Female	F	65-69 years	65-69	2002	2002	9027	4062380	222.209640654001
White	Female	F	65-69 years	65-69	2003	2003	8480	4117417	205.9543641074
White	Female	F	65-69 years	65-69	2004	2004	8068	4198160	192.179430988814
White	Female	F	65-69 years	65-69	2005	2005	7962	4255961	187.078781971921
White	Female	F	65-69 years	65-69	2006	2006	7367	4353916	169.203999342201
White	Female	F	65-69 years	65-69	2007	2007	7114	4516895	157.497573000922
White	Female	F	65-69 years	65-69	2008	2008	7387	4775357	154.690005375514
White	Female	F	65-69 years	65-69	2009	2009	7299	4965756	146.986682390355
White	Female	F	65-69 years	65-69	2010	2010	7258	5090536	142.578306095861
White	Female	F	65-69 years	65-69	2011	2011	7138	5227581	136.544990885842
White	Female	F	65-69 years	65-69	2012	2012	7509	5674238	132.33494964434
White	Female	F	65-69 years	65-69	2013	2013	7610	5881599	129.386583478404
White	Female	F	65-69 years	65-69	2014	2014	7663	6123197	125.147043284742
White	Female	F	65-69 years	65-69	2015	2015	7985	6373883	125.276852430457
White	Female	F	65-69 years	65-69	2016	2016	8102	6658443	121.680098485487
White	Female	F	65-69 years	65-69	2017	2017	8149	6587391	123.706031720297
White	Female	F	65-69 years	65-69	2018	2018	7971	6652125	119.826371272338
White	Female	F	65-69 years	65-69	2019	2019	7830	6763238	115.77294780991
White	Female	F	65-69 years	65-69	2020	2020	8350	6898198	121.046105084255
White	Female	F	65-69 years	65-69	2021	2021	8754	6919897	126.504773120178
White	Female	F	65-69 years	65-69	2022	2022	8762	6968508	125.737101830119
White	Female	F	70-74 years	70-74	1999	1999	18901	4138627	456.697353977539
White	Female	F	70-74 years	70-74	2000	2000	17461	4086093	427.327522892896
White	Female	F	70-74 years	70-74	2001	2001	16419	4017544	408.682518473973
White	Female	F	70-74 years	70-74	2002	2002	15314	3943356	388.349416081125
White	Female	F	70-74 years	70-74	2003	2003	14339	3864787	371.016565725356
White	Female	F	70-74 years	70-74	2004	2004	13023	3791896	343.442963625585
White	Female	F	70-74 years	70-74	2005	2005	12096	3757002	321.958838456833
White	Female	F	70-74 years	70-74	2006	2006	11266	3738990	301.311316692476
White	Female	F	70-74 years	70-74	2007	2007	10270	3740907	274.532352715531
White	Female	F	70-74 years	70-74	2008	2008	10301	3794292	271.486749043036
White	Female	F	70-74 years	70-74	2009	2009	9623	3871651	248.550295468264
White	Female	F	70-74 years	70-74	2010	2010	9343	3909774	238.965218961505
White	Female	F	70-74 years	70-74	2011	2011	9272	4025822	230.313213053135
White	Female	F	70-74 years	70-74	2012	2012	9139	4184931	218.378749852745
White	Female	F	70-74 years	70-74	2013	2013	9328	4432560	210.442723843558
White	Female	F	70-74 years	70-74	2014	2014	9543	4607294	207.128088635108
White	Female	F	70-74 years	70-74	2015	2015	9864	4750284	207.650742566129
White	Female	F	70-74 years	70-74	2016	2016	9983	4856799	205.546904452912
White	Female	F	70-74 years	70-74	2017	2017	10405	5278005	197.138881073436
White	Female	F	70-74 years	70-74	2018	2018	10592	5469235	193.665110385639
White	Female	F	70-74 years	70-74	2019	2019	10702	5692824	187.991056811171
White	Female	F	70-74 years	70-74	2020	2020	11493	5924967	193.975763915647
White	Female	F	70-74 years	70-74	2021	2021	11747	6059791	193.851570128409
White	Female	F	70-74 years	70-74	2022	2022	11767	6097551	192.979115713833
White	Female	F	75-79 years	75-79	1999	1999	30639	3703159	827.374681994481
White	Female	F	75-79 years	75-79	2000	2000	29268	3725948	785.518209057131
White	Female	F	75-79 years	75-79	2001	2001	27297	3698950	737.966179591506
White	Female	F	75-79 years	75-79	2002	2002	25827	3667267	704.257421125868
White	Female	F	75-79 years	75-79	2003	2003	24372	3641215	669.337020747196
White	Female	F	75-79 years	75-79	2004	2004	21845	3577134	610.684419426278
White	Female	F	75-79 years	75-79	2005	2005	20550	3531686	581.875059107746
White	Female	F	75-79 years	75-79	2006	2006	18974	3486974	544.139417156537
White	Female	F	75-79 years	75-79	2007	2007	17448	3427172	509.10780083404
White	Female	F	75-79 years	75-79	2008	2008	16699	3362728	496.590863132552
White	Female	F	75-79 years	75-79	2009	2009	15159	3303614	458.861113919483
White	Female	F	75-79 years	75-79	2010	2010	14106	3287271	429.109738746821
White	Female	F	75-79 years	75-79	2011	2011	13394	3270291	409.565998866768
White	Female	F	75-79 years	75-79	2012	2012	13133	3284732	399.81952865561
White	Female	F	75-79 years	75-79	2013	2013	12661	3340049	379.066295135191
White	Female	F	75-79 years	75-79	2014	2014	12308	3420345	359.846740606576
White	Female	F	75-79 years	75-79	2015	2015	12346	3479260	354.845570609842
White	Female	F	75-79 years	75-79	2016	2016	12194	3573929	341.193123870116
White	Female	F	75-79 years	75-79	2017	2017	12412	3716831	333.940391693892
White	Female	F	75-79 years	75-79	2018	2018	12734	3943031	322.949527913932
White	Female	F	75-79 years	75-79	2019	2019	12980	4095254	316.952257417977
White	Female	F	75-79 years	75-79	2020	2020	13517	4218840	320.396127845569
White	Female	F	75-79 years	75-79	2021	2021	13811	4104256	336.50435060581
White	Female	F	75-79 years	75-79	2022	2022	14413	4128910	349.075179647897
White	Female	F	80-84 years	80-84	1999	1999	42006	2686103	1563.82685250715
White	Female	F	80-84 years	80-84	2000	2000	40146	2702744	1485.37930340424
White	Female	F	80-84 years	80-84	2001	2001	39746	2779168	1430.14024341098
White	Female	F	80-84 years	80-84	2002	2002	38544	2840836	1356.78370733122
White	Female	F	80-84 years	80-84	2003	2003	36985	2871621	1287.94851409709
White	Female	F	80-84 years	80-84	2004	2004	34588	2919814	1184.596005088
White	Female	F	80-84 years	80-84	2005	2005	33240	2937585	1131.54172560113
White	Female	F	80-84 years	80-84	2006	2006	30387	2925051	1038.85368152555
White	Female	F	80-84 years	80-84	2007	2007	27965	2912053	960.319060126996
White	Female	F	80-84 years	80-84	2008	2008	27097	2900831	934.111639044122
White	Female	F	80-84 years	80-84	2009	2009	24753	2860258	865.411441904891
White	Female	F	80-84 years	80-84	2010	2010	22913	2838020	807.358651454183
White	Female	F	80-84 years	80-84	2011	2011	21618	2810292	769.243907750511
White	Female	F	80-84 years	80-84	2012	2012	20399	2772291	735.817415992766
White	Female	F	80-84 years	80-84	2013	2013	19363	2723815	710.877941416726
White	Female	F	80-84 years	80-84	2014	2014	18270	2682034	681.199418053612
White	Female	F	80-84 years	80-84	2015	2015	18137	2666277	680.236899616957
White	Female	F	80-84 years	80-84	2016	2016	16867	2666251	632.611108256499
White	Female	F	80-84 years	80-84	2017	2017	16481	2679545	615.067110274319
White	Female	F	80-84 years	80-84	2018	2018	16615	2732446	608.063251753191
White	Female	F	80-84 years	80-84	2019	2019	16130	2794000	577.3085182534
White	Female	F	80-84 years	80-84	2020	2020	16437	2838947	578.982277583907
White	Female	F	80-84 years	80-84	2021	2021	16153	2725551	592.650807121202
White	Female	F	80-84 years	80-84	2022	2022	16392	2741232	597.979302736872
White	Female	F	85+ years	85+	1999	1999	112447	2594890	4333.40141585963
White	Female	F	85+ years	85+	2000	2000	109800	2633096	4169.99608065942
White	Female	F	85+ years	85+	2001	2001	106889	2664217	4012.02304466941
White	Female	F	85+ years	85+	2002	2002	104633	2683788	3898.70585903208
White	Female	F	85+ years	85+	2003	2003	101945	2724221	3742.17069760493
White	Female	F	85+ years	85+	2004	2004	94418	2751124	3431.97907473454
White	Female	F	85+ years	85+	2005	2005	93603	2811993	3328.70672153167
White	Female	F	85+ years	85+	2006	2006	88448	2890516	3059.9380871789
White	Female	F	85+ years	85+	2007	2007	84753	2966345	2857.15248900583
White	Female	F	85+ years	85+	2008	2008	84968	3028795	2805.34007748956
White	Female	F	85+ years	85+	2009	2009	78885	3100490	2544.27525971701
White	Female	F	85+ years	85+	2010	2010	77788	3150003	2469.45796559559
White	Female	F	85+ years	85+	2011	2011	75982	3246764	2340.23784913224
White	Female	F	85+ years	85+	2012	2012	73264	3285736	2229.7591772437
White	Female	F	85+ years	85+	2013	2013	71350	3321293	2148.259728967
White	Female	F	85+ years	85+	2014	2014	68218	3337547	2043.95623492343
White	Female	F	85+ years	85+	2015	2015	67161	3354228	2002.27891485015
White	Female	F	85+ years	85+	2016	2016	63919	3362797	1900.76891349671
White	Female	F	85+ years	85+	2017	2017	63244	3354895	1885.12606206752
White	Female	F	85+ years	85+	2018	2018	61151	3349454	1825.70054701453
White	Female	F	85+ years	85+	2019	2019	58618	3334297	1758.0317530202
White	Female	F	85+ years	85+	2020	2020	58079	3312732	1753.2055113423
White	Female	F	85+ years	85+	2021	2021	53472	2910687	1837.09206795509
White	Female	F	85+ years	85+	2022	2022	52513	2925950	1794.73333447256
White	Male	M	35-39 years	35-39	1999	1999	1379	8094587	17.0360760839312
White	Male	M	35-39 years	35-39	2000	2000	1291	7936088	16.2674607438829
White	Male	M	35-39 years	35-39	2001	2001	1258	7633057	16.4809459696161
White	Male	M	35-39 years	35-39	2002	2002	1252	7359478	17.0120761282254
White	Male	M	35-39 years	35-39	2003	2003	1252	7087398	17.6651572269541
White	Male	M	35-39 years	35-39	2004	2004	1103	6876083	16.041109451413
White	Male	M	35-39 years	35-39	2005	2005	1035	6771561	15.284511207977
White	Male	M	35-39 years	35-39	2006	2006	1020	6748394	15.1147072918386
White	Male	M	35-39 years	35-39	2007	2007	954	6658247	14.3280956684244
White	Male	M	35-39 years	35-39	2008	2008	943	6504115	14.4985136332922
White	Male	M	35-39 years	35-39	2009	2009	909	6291303	14.4485172626402
White	Male	M	35-39 years	35-39	2010	2010	868	6107512	14.2120064602411
White	Male	M	35-39 years	35-39	2011	2011	847	5811271	14.5751247876755
White	Male	M	35-39 years	35-39	2012	2012	819	5731933	14.2883735731035
White	Male	M	35-39 years	35-39	2013	2013	705	5747969	12.2652018478179
White	Male	M	35-39 years	35-39	2014	2014	718	5812100	12.3535383080126
White	Male	M	35-39 years	35-39	2015	2015	711	5920224	12.0096807147838
White	Male	M	35-39 years	35-39	2016	2016	719	6049049	11.8861659080626
White	Male	M	35-39 years	35-39	2017	2017	728	6142103	11.8526179062774
White	Male	M	35-39 years	35-39	2018	2018	714	6221562	11.4762177086719
White	Male	M	35-39 years	35-39	2019	2019	636	6258910	10.1615137460037
White	Male	M	35-39 years	35-39	2020	2020	763	6278993	12.1516300464103
White	Male	M	35-39 years	35-39	2021	2021	699	6348826	11.0099095486315
White	Male	M	35-39 years	35-39	2022	2022	694	6440908	10.7748783246089
White	Male	M	40-44 years	40-44	1999	1999	3265	8117806	40.2202269923672
White	Male	M	40-44 years	40-44	2000	2000	3233	8151520	39.6613146995898
White	Male	M	40-44 years	40-44	2001	2001	3185	8202369	38.83024526207
White	Male	M	40-44 years	40-44	2002	2002	3324	8146913	40.8007302888837
White	Male	M	40-44 years	40-44	2003	2003	3147	8049029	39.0978837323111
White	Male	M	40-44 years	40-44	2004	2004	3042	7968265	38.1764411700665
White	Male	M	40-44 years	40-44	2005	2005	2890	7793151	37.0838445193735
White	Male	M	40-44 years	40-44	2006	2006	2849	7535096	37.8097372614762
White	Male	M	40-44 years	40-44	2007	2007	2569	7271303	35.330669069904
White	Male	M	40-44 years	40-44	2008	2008	2367	7014018	33.746705525991
White	Male	M	40-44 years	40-44	2009	2009	2125	6796712	31.2651176039238
White	Male	M	40-44 years	40-44	2010	2010	2099	6705632	31.3020458026924
White	Male	M	40-44 years	40-44	2011	2011	2029	6681100	30.3692505725105
White	Male	M	40-44 years	40-44	2012	2012	1846	6595545	27.9885892674525
White	Male	M	40-44 years	40-44	2013	2013	1852	6444840	28.7361672283563
White	Male	M	40-44 years	40-44	2014	2014	1759	6243102	28.1750962902737
White	Male	M	40-44 years	40-44	2015	2015	1668	6022801	27.6947553140142
White	Male	M	40-44 years	40-44	2016	2016	1610	5784403	27.8334687261589
White	Male	M	40-44 years	40-44	2017	2017	1521	5696250	26.7017774851876
White	Male	M	40-44 years	40-44	2018	2018	1450	5701206	25.4332153582944
White	Male	M	40-44 years	40-44	2019	2019	1407	5755971	24.4441815290591
White	Male	M	40-44 years	40-44	2020	2020	1597	5855872	27.2717709676714
White	Male	M	40-44 years	40-44	2021	2021	1756	6057449	28.9891008574732
White	Male	M	40-44 years	40-44	2022	2022	1460	6136669	23.7914086616045
White	Male	M	45-49 years	45-49	1999	1999	5949	7369371	80.7260212574452
White	Male	M	45-49 years	45-49	2000	2000	6014	7489284	80.3014013088568
White	Male	M	45-49 years	45-49	2001	2001	5780	7652379	75.5320665638751
White	Male	M	45-49 years	45-49	2002	2002	5967	7791685	76.5816379897288
White	Male	M	45-49 years	45-49	2003	2003	5992	7904379	75.8060816668836
White	Male	M	45-49 years	45-49	2004	2004	5822	7964907	73.0956431757458
White	Male	M	45-49 years	45-49	2005	2005	5699	8015515	71.0996111915454
White	Male	M	45-49 years	45-49	2006	2006	5607	8059015	69.5742593852971
White	Male	M	45-49 years	45-49	2007	2007	5502	8011089	68.679801210547
White	Male	M	45-49 years	45-49	2008	2008	5293	7923559	66.80078989757
White	Male	M	45-49 years	45-49	2009	2009	4972	7843887	63.3869406838727
White	Male	M	45-49 years	45-49	2010	2010	4876	7717904	63.1777746911597
White	Male	M	45-49 years	45-49	2011	2011	4620	7400700	62.4265272203981
White	Male	M	45-49 years	45-49	2012	2012	4221	7149016	59.0430906854873
White	Male	M	45-49 years	45-49	2013	2013	4006	6894349	58.105558624897
White	Male	M	45-49 years	45-49	2014	2014	3664	6694216	54.7338179706182
White	Male	M	45-49 years	45-49	2015	2015	3487	6609912	52.7541062573904
White	Male	M	45-49 years	45-49	2016	2016	3564	6598591	54.0115306434358
White	Male	M	45-49 years	45-49	2017	2017	3286	6507420	50.4962027961927
White	Male	M	45-49 years	45-49	2018	2018	3283	6351420	51.6892285504659
White	Male	M	45-49 years	45-49	2019	2019	3010	6150268	48.9409567192844
White	Male	M	45-49 years	45-49	2020	2020	3140	5930598	52.9457569034354
White	Male	M	45-49 years	45-49	2021	2021	3026	5767014	52.4708280576395
White	Male	M	45-49 years	45-49	2022	2022	2847	5833047	48.8081100666598
White	Male	M	50-54 years	50-54	1999	1999	9274	6513967	142.37100065137
White	Male	M	50-54 years	50-54	2000	2000	9307	6733591	138.217483063643
White	Male	M	50-54 years	50-54	2001	2001	9411	7099559	132.557529277523
White	Male	M	50-54 years	50-54	2002	2002	9498	7031269	135.082301644269
White	Male	M	50-54 years	50-54	2003	2003	9241	7105292	130.057990579416
White	Male	M	50-54 years	50-54	2004	2004	9027	7228634	124.878365677388
White	Male	M	50-54 years	50-54	2005	2005	9183	7376377	124.492010101978
White	Male	M	50-54 years	50-54	2006	2006	9105	7503011	121.351281505518
White	Male	M	50-54 years	50-54	2007	2007	8934	7647642	116.820321871761
White	Male	M	50-54 years	50-54	2008	2008	9057	7770369	116.558171175655
White	Male	M	50-54 years	50-54	2009	2009	8683	7837527	110.787497127602
White	Male	M	50-54 years	50-54	2010	2010	8583	7887799	108.813624687952
White	Male	M	50-54 years	50-54	2011	2011	8371	7915197	105.758580613976
White	Male	M	50-54 years	50-54	2012	2012	8259	7852440	105.177498968473
White	Male	M	50-54 years	50-54	2013	2013	8026	7759979	103.428114947218
White	Male	M	50-54 years	50-54	2014	2014	7664	7665141	99.9851144290757
White	Male	M	50-54 years	50-54	2015	2015	7480	7489701	99.8704754702491
White	Male	M	50-54 years	50-54	2016	2016	7070	7227858	97.8159781224257
White	Male	M	50-54 years	50-54	2017	2017	6723	6978435	96.3396520853171
White	Male	M	50-54 years	50-54	2018	2018	6379	6727826	94.8151750654669
White	Male	M	50-54 years	50-54	2019	2019	6075	6529005	93.0463370758638
White	Male	M	50-54 years	50-54	2020	2020	6360	6446345	98.6605588127846
White	Male	M	50-54 years	50-54	2021	2021	6299	6580394	95.7237514957311
White	Male	M	50-54 years	50-54	2022	2022	5883	6642877	88.561025591773
White	Male	M	55-59 years	55-59	1999	1999	12179	5063782	240.5119335706
White	Male	M	55-59 years	55-59	2000	2000	12286	5197809	236.368823864055
White	Male	M	55-59 years	55-59	2001	2001	11925	5364115	222.310670073255
White	Male	M	55-59 years	55-59	2002	2002	12389	5830597	212.482529662057
White	Male	M	55-59 years	55-59	2003	2003	12449	6050416	205.754447297508
White	Male	M	55-59 years	55-59	2004	2004	12036	6314088	190.621353392604
White	Male	M	55-59 years	55-59	2005	2005	12244	6605805	185.35212589533
White	Male	M	55-59 years	55-59	2006	2006	12584	6901653	182.333130918057
White	Male	M	55-59 years	55-59	2007	2007	12180	6838462	178.110224199535
White	Male	M	55-59 years	55-59	2008	2008	11981	6913901	173.288567481658
White	Male	M	55-59 years	55-59	2009	2009	11759	7036638	167.11105502372
White	Male	M	55-59 years	55-59	2010	2010	12001	7146083	167.938155770091
White	Male	M	55-59 years	55-59	2011	2011	11877	7299446	162.71097834
White	Male	M	55-59 years	55-59	2012	2012	11830	7426243	159.299931338094
White	Male	M	55-59 years	55-59	2013	2013	12002	7524979	159.49546171491
White	Male	M	55-59 years	55-59	2014	2014	12142	7567749	160.444010497705
White	Male	M	55-59 years	55-59	2015	2015	11862	7603227	156.012703553373
White	Male	M	55-59 years	55-59	2016	2016	11936	7624881	156.540147970834
White	Male	M	55-59 years	55-59	2017	2017	11653	7558976	154.161092719437
White	Male	M	55-59 years	55-59	2018	2018	11619	7462883	155.690501914609
White	Male	M	55-59 years	55-59	2019	2019	10908	7369813	148.009182865291
White	Male	M	55-59 years	55-59	2020	2020	11533	7199900	160.182780316393
White	Male	M	55-59 years	55-59	2021	2021	11159	7111700	156.91044335391
White	Male	M	55-59 years	55-59	2022	2022	10247	7170634	142.902287301234
White	Male	M	60-64 years	60-64	1999	1999	15744	4089994	384.939440008958
White	Male	M	60-64 years	60-64	2000	2000	15182	4113867	369.044502410992
White	Male	M	60-64 years	60-64	2001	2001	14820	4231056	350.267167345457
White	Male	M	60-64 years	60-64	2002	2002	14797	4393249	336.812231676374
White	Male	M	60-64 years	60-64	2003	2003	14948	4648582	321.560424232594
White	Male	M	60-64 years	60-64	2004	2004	14633	4836000	302.584780810587
White	Male	M	60-64 years	60-64	2005	2005	14686	4995868	293.96293096615
White	Male	M	60-64 years	60-64	2006	2006	14337	5127052	279.634378586369
White	Male	M	60-64 years	60-64	2007	2007	14660	5578839	262.778689257747
White	Male	M	60-64 years	60-64	2008	2008	15018	5800117	258.925811324151
White	Male	M	60-64 years	60-64	2009	2009	14858	6060669	245.154454070994
White	Male	M	60-64 years	60-64	2010	2010	15031	6288214	239.03448578563
White	Male	M	60-64 years	60-64	2011	2011	15331	6608141	232.001708195996
White	Male	M	60-64 years	60-64	2012	2012	15362	6527655	235.337192299532
White	Male	M	60-64 years	60-64	2013	2013	15253	6583471	231.68629435749
White	Male	M	60-64 years	60-64	2014	2014	15403	6683927	230.44835767955
White	Male	M	60-64 years	60-64	2015	2015	15526	6814088	227.851474768157
White	Male	M	60-64 years	60-64	2016	2016	15839	6916690	228.99681784206
White	Male	M	60-64 years	60-64	2017	2017	16273	7031812	231.419725100728
White	Male	M	60-64 years	60-64	2018	2018	16352	7112293	229.91178794237
White	Male	M	60-64 years	60-64	2019	2019	15868	7151623	221.879704788689
White	Male	M	60-64 years	60-64	2020	2020	17177	7179085	239.264474511724
White	Male	M	60-64 years	60-64	2021	2021	17457	7331430	238.111800835581
White	Male	M	60-64 years	60-64	2022	2022	16508	7387442	223.460299248373
White	Male	M	65-69 years	65-69	1999	1999	22231	3619643	614.176591448383
White	Male	M	65-69 years	65-69	2000	2000	20422	3605311	566.44211830824
White	Male	M	65-69 years	65-69	2001	2001	19087	3595859	530.805017660592
White	Male	M	65-69 years	65-69	2002	2002	18606	3612434	515.054392689251
White	Male	M	65-69 years	65-69	2003	2003	17678	3679382	480.461120916502
White	Male	M	65-69 years	65-69	2004	2004	16662	3769006	442.079423593382
White	Male	M	65-69 years	65-69	2005	2005	16037	3836589	418.001511238238
White	Male	M	65-69 years	65-69	2006	2006	15718	3935236	399.416959999349
White	Male	M	65-69 years	65-69	2007	2007	15397	4094688	376.023765424863
White	Male	M	65-69 years	65-69	2008	2008	16018	4344355	368.708358317863
White	Male	M	65-69 years	65-69	2009	2009	16026	4528274	353.909679493776
White	Male	M	65-69 years	65-69	2010	2010	15878	4654113	341.160603534981
White	Male	M	65-69 years	65-69	2011	2011	15970	4801082	332.633352231851
White	Male	M	65-69 years	65-69	2012	2012	16988	5232533	324.661115371848
White	Male	M	65-69 years	65-69	2013	2013	17463	5435950	321.250195458016
White	Male	M	65-69 years	65-69	2014	2014	17830	5660062	315.014217158752
White	Male	M	65-69 years	65-69	2015	2015	18348	5890546	311.482161415937
White	Male	M	65-69 years	65-69	2016	2016	19214	6132295	313.32478297277
White	Male	M	65-69 years	65-69	2017	2017	19011	6052363	314.10872084176
White	Male	M	65-69 years	65-69	2018	2018	19273	6094585	316.231539965395
White	Male	M	65-69 years	65-69	2019	2019	19005	6184025	307.324113340421
White	Male	M	65-69 years	65-69	2020	2020	20312	6293104	322.765999099967
White	Male	M	65-69 years	65-69	2021	2021	20726	6467594	320.459200129136
White	Male	M	65-69 years	65-69	2022	2022	20628	6512395	316.749828596085
White	Male	M	70-74 years	70-74	1999	1999	31308	3298619	949.124466936012
White	Male	M	70-74 years	70-74	2000	2000	29667	3288915	902.030000775332
White	Male	M	70-74 years	70-74	2001	2001	27339	3278268	833.946461973213
White	Male	M	70-74 years	70-74	2002	2002	26117	3245790	804.642321283879
White	Male	M	70-74 years	70-74	2003	2003	24072	3206546	750.714320019111
White	Male	M	70-74 years	70-74	2004	2004	21814	3166882	688.816318385087
White	Male	M	70-74 years	70-74	2005	2005	20829	3163365	658.444409671347
White	Male	M	70-74 years	70-74	2006	2006	19497	3170662	614.918903370968
White	Male	M	70-74 years	70-74	2007	2007	18279	3192895	572.489856384253
White	Male	M	70-74 years	70-74	2008	2008	18140	3258957	556.61980197959
White	Male	M	70-74 years	70-74	2009	2009	17683	3345358	528.583189003987
White	Male	M	70-74 years	70-74	2010	2010	17273	3391018	509.375060822443
White	Male	M	70-74 years	70-74	2011	2011	17135	3505670	488.77960561034
White	Male	M	70-74 years	70-74	2012	2012	17456	3658387	477.150175746852
White	Male	M	70-74 years	70-74	2013	2013	18098	3895724	464.560631091936
White	Male	M	70-74 years	70-74	2014	2014	18687	4054745	460.86745282379
White	Male	M	70-74 years	70-74	2015	2015	19182	4194407	457.323287892663
White	Male	M	70-74 years	70-74	2016	2016	19851	4301332	461.508202575388
White	Male	M	70-74 years	70-74	2017	2017	21268	4696082	452.88817358811
White	Male	M	70-74 years	70-74	2018	2018	21487	4875761	440.690181491669
White	Male	M	70-74 years	70-74	2019	2019	21826	5076365	429.953322899358
White	Male	M	70-74 years	70-74	2020	2020	23115	5275819	438.13102761865
White	Male	M	70-74 years	70-74	2021	2021	24204	5471224	442.387297613843
White	Male	M	70-74 years	70-74	2022	2022	23427	5505068	425.553326498419
White	Male	M	75-79 years	75-79	1999	1999	39319	2598738	1513.00361944913
White	Male	M	75-79 years	75-79	2000	2000	37636	2619131	1436.9651613455
White	Male	M	75-79 years	75-79	2001	2001	36037	2630912	1369.7531502384
White	Male	M	75-79 years	75-79	2002	2002	34359	2642321	1300.33406236411
White	Male	M	75-79 years	75-79	2003	2003	32504	2659135	1222.35238150752
White	Male	M	75-79 years	75-79	2004	2004	29843	2654958	1124.04791337565
White	Male	M	75-79 years	75-79	2005	2005	28391	2660667	1067.06325894973
White	Male	M	75-79 years	75-79	2006	2006	26548	2661067	997.644929646642
White	Male	M	75-79 years	75-79	2007	2007	24486	2644456	925.937130358758
White	Male	M	75-79 years	75-79	2008	2008	23779	2621514	907.071257296356
White	Male	M	75-79 years	75-79	2009	2009	22053	2597732	848.932838337442
White	Male	M	75-79 years	75-79	2010	2010	21213	2604993	814.320806236331
White	Male	M	75-79 years	75-79	2011	2011	20595	2621024	785.761595468031
White	Male	M	75-79 years	75-79	2012	2012	19996	2654999	753.145293086739
White	Male	M	75-79 years	75-79	2013	2013	20450	2722302	751.202474964203
White	Male	M	75-79 years	75-79	2014	2014	20402	2806684	726.907624798517
White	Male	M	75-79 years	75-79	2015	2015	20171	2869856	702.85756497887
White	Male	M	75-79 years	75-79	2016	2016	20563	2954863	695.903667953472
White	Male	M	75-79 years	75-79	2017	2017	21335	3089031	690.669663075573
White	Male	M	75-79 years	75-79	2018	2018	21917	3294887	665.18214433454
White	Male	M	75-79 years	75-79	2019	2019	22603	3426428	659.66656821623
White	Male	M	75-79 years	75-79	2020	2020	23904	3539105	675.425001518745
White	Male	M	75-79 years	75-79	2021	2021	24184	3494520	692.054988954134
White	Male	M	75-79 years	75-79	2022	2022	25479	3515476	724.766717224069
White	Male	M	80-84 years	80-84	1999	1999	39916	1584789	2518.69491774615
White	Male	M	80-84 years	80-84	2000	2000	38550	1606270	2399.9701171036
White	Male	M	80-84 years	80-84	2001	2001	38124	1681282	2267.55535359327
White	Male	M	80-84 years	80-84	2002	2002	38043	1737354	2189.70917844032
White	Male	M	80-84 years	80-84	2003	2003	37108	1773800	2092.00586311873
White	Male	M	80-84 years	80-84	2004	2004	35259	1818671	1938.72338647287
White	Male	M	80-84 years	80-84	2005	2005	34134	1851696	1843.39113979833
White	Male	M	80-84 years	80-84	2006	2006	32391	1867182	1734.75322705553
White	Male	M	80-84 years	80-84	2007	2007	30594	1889185	1619.42848371123
White	Male	M	80-84 years	80-84	2008	2008	29721	1912346	1554.16436147015
White	Male	M	80-84 years	80-84	2009	2009	28179	1921250	1466.70136629798
White	Male	M	80-84 years	80-84	2010	2010	27241	1930668	1410.96242336849
White	Male	M	80-84 years	80-84	2011	2011	26800	1955849	1370.24893025995
White	Male	M	80-84 years	80-84	2012	2012	25357	1957694	1295.24838917625
White	Male	M	80-84 years	80-84	2013	2013	24884	1954228	1273.34169810278
White	Male	M	80-84 years	80-84	2014	2014	24013	1946464	1233.67295773259
White	Male	M	80-84 years	80-84	2015	2015	23820	1957509	1216.8526428231
White	Male	M	80-84 years	80-84	2016	2016	22914	1976253	1159.46693060048
White	Male	M	80-84 years	80-84	2017	2017	23210	2006679	1156.6374093714
White	Male	M	80-84 years	80-84	2018	2018	23308	2063839	1129.35165969826
White	Male	M	80-84 years	80-84	2019	2019	23160	2121021	1091.92695404713
White	Male	M	80-84 years	80-84	2020	2020	23708	2165823	1094.64162122205
White	Male	M	80-84 years	80-84	2021	2021	23781	2101103	1131.83408904751
White	Male	M	80-84 years	80-84	2022	2022	24400	2113739	1154.35254778381
White	Male	M	85+ years	85+	1999	1999	52994	1034839	5120.98983513378
White	Male	M	85+ years	85+	2000	2000	52749	1061643	4968.61939465526
White	Male	M	85+ years	85+	2001	2001	52079	1094483	4758.31968153
White	Male	M	85+ years	85+	2002	2002	53319	1122659	4749.34953534421
White	Male	M	85+ years	85+	2003	2003	53010	1164671	4551.49995148845
White	Male	M	85+ years	85+	2004	2004	50556	1198940	4216.72477354997
White	Male	M	85+ years	85+	2005	2005	52431	1251702	4188.77656183341
White	Male	M	85+ years	85+	2006	2006	50630	1315193	3849.6251120558
White	Male	M	85+ years	85+	2007	2007	50106	1376012	3641.39266227329
White	Male	M	85+ years	85+	2008	2008	51643	1430364	3610.47957023527
White	Male	M	85+ years	85+	2009	2009	50559	1486527	3401.14912140849
White	Male	M	85+ years	85+	2010	2010	50584	1528404	3309.59615389648
White	Male	M	85+ years	85+	2011	2011	50974	1610254	3165.58754084759
White	Male	M	85+ years	85+	2012	2012	50828	1656437	3068.51392476744
White	Male	M	85+ years	85+	2013	2013	51194	1710806	2992.39072109871
White	Male	M	85+ years	85+	2014	2014	50372	1751652	2875.68535302674
White	Male	M	85+ years	85+	2015	2015	51142	1791088	2855.35942399257
White	Male	M	85+ years	85+	2016	2016	50107	1820369	2752.57379135769
White	Male	M	85+ years	85+	2017	2017	50718	1849670	2742.00262749572
White	Male	M	85+ years	85+	2018	2018	50324	1873994	2685.38746655539
White	Male	M	85+ years	85+	2019	2019	49629	1907106	2602.31995494744
White	Male	M	85+ years	85+	2020	2020	49808	1921392	2592.28725840432
White	Male	M	85+ years	85+	2021	2021	48002	1699823	2823.94108092431
White	Male	M	85+ years	85+	2022	2022	47351	1709428	2769.99089754
