Race	Gender	Year	Hispanic Origin	Cause of death Code	AA_rate	Deaths	Population	Crude Rate
Black or African American	F	1999	Not Hispanic or Latino	I10	6.67379002398963	659	10606980	6.21289000262092
Black or African American	F	1999	Not Hispanic or Latino	I11.0	5.99323016777028	588	11938653	4.92517874503933
Black or African American	F	1999	Not Hispanic or Latino	I11.9	16.3056564909139	1669	11938653	13.9798015739297
Black or African American	F	1999	Not Hispanic or Latino	I12.0	8.75120818874238	866	11938653	7.25374964830622
Black or African American	F	1999	Not Hispanic or Latino	I12.9	0.370973534252604	40	8318403	0.480861530752958
Black or African American	F	1999	Not Hispanic or Latino	I13.0	0.0823132772272929	8	735741	1.08733915875288
Black or African American	F	1999	Not Hispanic or Latino	I13.1	1.94881629828155	201	10606980	1.89497858957026
Black or African American	F	1999	Not Hispanic or Latino	I13.2	1.99120493212938	194	9186637	2.11176298791386
Black or African American	F	1999	Not Hispanic or Latino	I13.9	0.259631821779987	28	5995318	0.467031106606856
Black or African American	F	2000	Not Hispanic or Latino	I10	6.41221070091634	640	10743449	5.95711861246793
Black or African American	F	2000	Not Hispanic or Latino	I11.0	5.60539485696888	554	9381760	5.90507538031244
Black or African American	F	2000	Not Hispanic or Latino	I11.9	16.7022010262773	1737	12088556	14.3689618511922
Black or African American	F	2000	Not Hispanic or Latino	I12.0	9.4505939498546	956	12088556	7.90830600445578
Black or African American	F	2000	Not Hispanic or Latino	I12.9	0.27119067912029	28	4543843	0.616218474097807
Black or African American	F	2000	Not Hispanic or Latino	I13.0	0.0368573035332743	4	596149	0.670973196298241
Black or African American	F	2000	Not Hispanic or Latino	I13.1	1.87503765211766	192	12088556	1.58827903018359
Black or African American	F	2000	Not Hispanic or Latino	I13.2	1.38620769910466	135	6491466	2.07965350199785
Black or African American	F	2000	Not Hispanic or Latino	I13.9	0.18771036815403	20	4287579	0.466463708307182
Black or African American	F	2001	Not Hispanic or Latino	I10	6.68642200571149	688	11030413	6.23730045284796
Black or African American	F	2001	Not Hispanic or Latino	I11.0	5.43571038637164	558	12335052	4.52369394146048
Black or African American	F	2001	Not Hispanic or Latino	I11.9	16.3963213476919	1763	12335052	14.292602901066
Black or African American	F	2001	Not Hispanic or Latino	I12.0	8.86096757677405	915	10914780	8.38312819864441
Black or African American	F	2001	Not Hispanic or Latino	I12.9	0.223512761852334	24	4064546	0.590471850976714
Black or African American	F	2001	Not Hispanic or Latino	I13.0	0.0408648226064785	4	440752	0.90753984099902
Black or African American	F	2001	Not Hispanic or Latino	I13.1	1.69797554460207	179	12335052	1.45114913175883
Black or African American	F	2001	Not Hispanic or Latino	I13.2	1.42775926415755	147	9610141	1.52963416457677
Black or African American	F	2001	Not Hispanic or Latino	I13.9	0.0729743300515004	8	1713182	0.46696731579015
Black or African American	F	2002	Not Hispanic or Latino	I10	6.91349931679758	723	12526219	5.77189333828508
Black or African American	F	2002	Not Hispanic or Latino	I11.0	5.62103150053952	585	11073486	5.28288923650601
Black or African American	F	2002	Not Hispanic or Latino	I11.9	17.1331665572091	1886	12526219	15.0564188603121
Black or African American	F	2002	Not Hispanic or Latino	I12.0	8.97447824446068	947	12526219	7.56014245000826
Black or African American	F	2002	Not Hispanic or Latino	I12.9	0.322837013242112	36	6824881	0.527481724589777
Black or African American	F	2002	Not Hispanic or Latino	I13.0	0.0365753753224488	4	530031	0.754672839890497
Black or African American	F	2002	Not Hispanic or Latino	I13.1	1.92377131537851	210	11232483	1.86957772382117
Black or African American	F	2002	Not Hispanic or Latino	I13.2	1.39447562923784	146	9779750	1.49288069735934
Black or African American	F	2002	Not Hispanic or Latino	I13.9	0.151835677737632	16	2230489	0.717331490986954
Black or African American	F	2003	Not Hispanic or Latino	I10	7.84040841349642	834	12705685	6.56399084346889
Black or African American	F	2003	Not Hispanic or Latino	I11.0	5.66427722269863	610	11231278	5.43126080576048
Black or African American	F	2003	Not Hispanic or Latino	I11.9	17.9100453862924	2046	12705685	16.1030278965676
Black or African American	F	2003	Not Hispanic or Latino	I12.0	8.87423535764827	954	12705685	7.50844995763707
Black or African American	F	2003	Not Hispanic or Latino	I12.9	0.347261423206395	40	8437146	0.474093964949759
Black or African American	F	2003	Not Hispanic or Latino	I13.0	0.035931626698076	4	539527	0.741390143588736
Black or African American	F	2003	Not Hispanic or Latino	I13.1	1.72759742684316	193	11231278	1.71841530411766
Black or African American	F	2003	Not Hispanic or Latino	I13.2	1.5755055147562	171	11231278	1.52253376686073
Black or African American	F	2003	Not Hispanic or Latino	I13.9	0.158012902755458	16	1599465	1.00033448684404
Black or African American	F	2004	Not Hispanic or Latino	I10	7.03581658429625	774	12891647	6.00388763359717
Black or African American	F	2004	Not Hispanic or Latino	I11.0	5.4832031479228	600	12891647	4.65417646015284
Black or African American	F	2004	Not Hispanic or Latino	I11.9	16.7088903817344	1941	12891647	15.0562608485944
Black or African American	F	2004	Not Hispanic or Latino	I12.0	9.67106715117887	1061	12891647	8.23013537370361
Black or African American	F	2004	Not Hispanic or Latino	I12.9	0.247878126535389	28	4602680	0.608341227284973
Black or African American	F	2004	Not Hispanic or Latino	I13.0	0.0794240424373705	8	705581	1.13381737886933
Black or African American	F	2004	Not Hispanic or Latino	I13.1	1.53595440158363	179	11566964	1.54751065188757
Black or African American	F	2004	Not Hispanic or Latino	I13.2	1.42342072943902	156	11407749	1.36749151826535
Black or African American	F	2004	Not Hispanic or Latino	I13.9	0.240328346854139	28	5432474	0.515418941719739
Black or African American	F	2005	Not Hispanic or Latino	I10	7.02212264814282	787	11717773	6.71629327518121
Black or African American	F	2005	Not Hispanic or Latino	I11.0	5.48011176837287	613	11597839	5.28546740474669
Black or African American	F	2005	Not Hispanic or Latino	I11.9	15.8169434090586	1873	13080937	14.318546140846
Black or African American	F	2005	Not Hispanic or Latino	I12.0	9.18310393140388	1030	13080937	7.87405367062008
Black or African American	F	2005	Not Hispanic or Latino	I12.9	0.302038533227655	36	7873790	0.457213108299815
Black or African American	F	2005	Not Hispanic or Latino	I13.1	1.66342459844192	194	13080937	1.48307418650514
Black or African American	F	2005	Not Hispanic or Latino	I13.2	1.44561659270247	158	11597839	1.36232275685151
Black or African American	F	2005	Not Hispanic or Latino	I13.9	0.124593131779032	16	3894733	0.410811216070524
Black or African American	F	2006	Not Hispanic or Latino	I10	7.07931067053804	816	11792214	6.91982014573345
Black or African American	F	2006	Not Hispanic or Latino	I11.0	4.96713904217757	568	11792214	4.8167375524223
Black or African American	F	2006	Not Hispanic or Latino	I11.9	15.1374894812173	1855	13279693	13.9686964148945
Black or African American	F	2006	Not Hispanic or Latino	I12.0	8.71580260279819	1004	13279693	7.5604157415386
Black or African American	F	2006	Not Hispanic or Latino	I12.9	0.293947274776994	36	8491210	0.42396784439438
Black or African American	F	2006	Not Hispanic or Latino	I13.0	0.138312175387461	16	2767132	0.578216001260511
Black or African American	F	2006	Not Hispanic or Latino	I13.1	1.31702655900076	161	13279693	1.21237742468896
Black or African American	F	2006	Not Hispanic or Latino	I13.2	1.19799197834443	131	9065685	1.44500939531872
Black or African American	F	2006	Not Hispanic or Latino	I13.9	0.0668828642368087	8	1730827	0.462206794786538
Black or African American	F	2007	Not Hispanic or Latino	I10	6.63285165471665	788	11979282	6.57802362445429
Black or African American	F	2007	Not Hispanic or Latino	I11.0	4.99538493519042	581	10544637	5.50990991913709
Black or African American	F	2007	Not Hispanic or Latino	I11.9	15.2122571834206	1893	13477307	14.0458327468537
Black or African American	F	2007	Not Hispanic or Latino	I12.0	7.96960909944063	939	13477307	6.96726727379587
Black or African American	F	2007	Not Hispanic or Latino	I12.9	0.26170096799822	32	6502082	0.492150052859992
Black or African American	F	2007	Not Hispanic or Latino	I13.1	1.27900663641185	156	12042662	1.29539465609846
Black or African American	F	2007	Not Hispanic or Latino	I13.2	1.28687820485472	149	10544637	1.41304058167199
Black or African American	F	2007	Not Hispanic or Latino	I13.9	0.0691572591425307	8	1582245	0.505610698722385
Black or African American	F	2008	Not Hispanic or Latino	I10	7.57165895827755	913	13681660	6.67316685256029
Black or African American	F	2008	Not Hispanic or Latino	I11.0	5.3321361310132	639	13681660	4.6704858913319
Black or African American	F	2008	Not Hispanic or Latino	I11.9	15.793365896416	2026	13681660	14.8081446257252
Black or African American	F	2008	Not Hispanic or Latino	I12.0	7.98647195556903	965	13681660	7.0532376919175
Black or African American	F	2008	Not Hispanic or Latino	I12.9	0.231705753348472	28	6035408	0.463928867774971
Black or African American	F	2008	Not Hispanic or Latino	I13.0	0.0374857222699879	4	480483	0.832495634601016
Black or African American	F	2008	Not Hispanic or Latino	I13.1	1.54941940220456	196	12161768	1.61160778597322
Black or African American	F	2008	Not Hispanic or Latino	I13.2	1.15458062878339	137	10706903	1.27954834371807
Black or African American	F	2008	Not Hispanic or Latino	I13.9	0.12757228747441	16	4524741	0.353611400077927
Black or African American	F	2008	Not Hispanic or Latino	I15.0	0.0274988292705422	4	1485776	0.26921958626334
Black or African American	F	2009	Not Hispanic or Latino	I10	7.70688828490857	952	13896876	6.85046049198395
Black or African American	F	2009	Not Hispanic or Latino	I11.0	5.1027925815101	621	13896876	4.46863021588449
Black or African American	F	2009	Not Hispanic or Latino	I11.9	15.9611715405583	2107	13896876	15.1616809418174
Black or African American	F	2009	Not Hispanic or Latino	I12.0	7.15431351543283	880	13896876	6.33235843796836
Black or African American	F	2009	Not Hispanic or Latino	I12.9	0.260027513349708	32	7257203	0.440941227632739
Black or African American	F	2009	Not Hispanic or Latino	I13.0	0.104195166214056	12	2145998	0.55918039066206
Black or African American	F	2009	Not Hispanic or Latino	I13.1	1.27751737102192	162	12342782	1.31250799050003
Black or African American	F	2009	Not Hispanic or Latino	I13.2	1.01106420799874	122	10883257	1.12098795424936
Black or African American	F	2009	Not Hispanic or Latino	I13.9	0.188043490307303	24	4574434	0.524655072081049
Black or African American	F	2010	Not Hispanic or Latino	I10	7.49636477303202	940	12485078	7.52898780448148
Black or African American	F	2010	Not Hispanic or Latino	I11.0	4.80125237308071	591	12485078	4.73365084303038
Black or African American	F	2010	Not Hispanic or Latino	I11.9	15.5402576795541	2087	14072907	14.8299139616285
Black or African American	F	2010	Not Hispanic or Latino	I12.0	7.08471961717536	899	14072907	6.38816130881843
Black or African American	F	2010	Not Hispanic or Latino	I12.9	0.237734991801648	32	6951125	0.46035713643475
Black or African American	F	2010	Not Hispanic or Latino	I13.0	0.0398854184964436	4	378077	1.05798554262756
Black or African American	F	2010	Not Hispanic or Latino	I13.1	1.01645796737338	130	12485078	1.0412429942368
Black or African American	F	2010	Not Hispanic or Latino	I13.2	1.01462248442351	126	11100927	1.13504034392803
Black or African American	F	2010	Not Hispanic or Latino	I13.9	0.0974518942974108	12	2206166	0.543930057846962
Black or African American	F	2011	Not Hispanic or Latino	I10	7.16867244731753	928	12695262	7.3098136926989
Black or African American	F	2011	Not Hispanic or Latino	I11.0	4.29836310577632	551	12695262	4.34020188003997
Black or African American	F	2011	Not Hispanic or Latino	I11.9	14.8111853982495	2063	14366479	14.359816347485
Black or African American	F	2011	Not Hispanic or Latino	I12.0	6.12498821688586	790	14366479	5.49891173752455
Black or African American	F	2011	Not Hispanic or Latino	I12.9	0.213655468603211	28	5530980	0.50623940061255
Black or African American	F	2011	Not Hispanic or Latino	I13.0	0.0530690075308856	8	2134962	0.374713929334574
Black or African American	F	2011	Not Hispanic or Latino	I13.1	1.33766815346491	179	12695262	1.40997483943222
Black or African American	F	2011	Not Hispanic or Latino	I13.2	1.08326915971923	137	12695262	1.07914275420232
Black or African American	F	2011	Not Hispanic or Latino	I13.9	0.117136000512176	16	4264081	0.375227393663488
Black or African American	F	2012	Not Hispanic or Latino	I10	7.52356541908076	1002	14609655	6.8584781776161
Black or African American	F	2012	Not Hispanic or Latino	I11.0	4.6751465159325	618	14609655	4.23007935505664
Black or African American	F	2012	Not Hispanic or Latino	I11.9	14.780723823115	2100	14609655	14.3740560608721
Black or African American	F	2012	Not Hispanic or Latino	I12.0	6.08506416427498	800	14609655	5.47583088033222
Black or African American	F	2012	Not Hispanic or Latino	I12.9	0.181334349782375	24	5166522	0.464529135848062
Black or African American	F	2012	Not Hispanic or Latino	I13.0	0.093439740458612	12	3030093	0.396027448662467
Black or African American	F	2012	Not Hispanic or Latino	I13.1	1.18211298630102	162	14609655	1.10885575326727
Black or African American	F	2012	Not Hispanic or Latino	I13.2	1.20867723675375	157	11395421	1.377746377251
Black or African American	F	2012	Not Hispanic or Latino	I13.9	0.188820356988464	28	7908612	0.354044426506193
Black or African American	F	2012	Not Hispanic or Latino	I15.9	0.0211225574235634	4	1040236	0.384528126309799
Black or African American	F	2013	Not Hispanic or Latino	I10	7.64225039987601	1047	14840618	7.05496226639618
Black or African American	F	2013	Not Hispanic or Latino	I11.0	4.94820138504177	679	13070480	5.19491250512606
Black or African American	F	2013	Not Hispanic or Latino	I11.9	15.1172806393382	2206	14840618	14.8646100856447
Black or African American	F	2013	Not Hispanic or Latino	I12.0	6.06332267425904	817	14840618	5.50516157750304
Black or African American	F	2013	Not Hispanic or Latino	I12.9	0.255191332154596	36	8745206	0.411654110835125
Black or African American	F	2013	Not Hispanic or Latino	I13.0	0.0836085450805582	12	3091431	0.388169750513597
Black or African American	F	2013	Not Hispanic or Latino	I13.1	1.15624185738732	163	13070480	1.24708503436752
Black or African American	F	2013	Not Hispanic or Latino	I13.2	1.22683474186264	164	11599871	1.41380882597746
Black or African American	F	2013	Not Hispanic or Latino	I13.9	0.194279047583095	28	5904358	0.474225986974367
Black or African American	F	2013	Not Hispanic or Latino	I15.9	0.0368463141342075	4	409261	0.977371408465503
Black or African American	F	2014	Not Hispanic or Latino	I10	7.38820502254904	1042	15103320	6.89914535347195
Black or African American	F	2014	Not Hispanic or Latino	I11.0	4.545005818266	638	15103320	4.2242367903216
Black or African American	F	2014	Not Hispanic or Latino	I11.9	15.7342906336015	2351	15103320	15.5661139405111
Black or African American	F	2014	Not Hispanic or Latino	I12.0	5.76009474629443	804	15103320	5.3233328831012
Black or African American	F	2014	Not Hispanic or Latino	I12.9	0.205541231013305	28	6049541	0.462845032375183
Black or African American	F	2014	Not Hispanic or Latino	I13.0	0.128151976464489	20	4184770	0.47792351789943
Black or African American	F	2014	Not Hispanic or Latino	I13.1	1.26753694575688	183	15103320	1.21165412637751
Black or African American	F	2014	Not Hispanic or Latino	I13.2	1.03430527585977	138	10261751	1.34479973252128
Black or African American	F	2014	Not Hispanic or Latino	I13.9	0.217439010133898	32	7480903	0.427755847121664
Black or African American	F	2015	Not Hispanic or Latino	I10	8.1790130151661	1198	13566287	8.8307139602752
Black or African American	F	2015	Not Hispanic or Latino	I11.0	4.30780183070952	620	13566287	4.57015246692039
Black or African American	F	2015	Not Hispanic or Latino	I11.9	15.5786653703175	2387	15328437	15.5723639663979
Black or African American	F	2015	Not Hispanic or Latino	I12.0	6.16325462378561	876	15328437	5.71486838481967
Black or African American	F	2015	Not Hispanic or Latino	I12.9	0.182727026342576	28	6242846	0.448513386362566
Black or African American	F	2015	Not Hispanic or Latino	I13.0	0.130466130713886	16	2753686	0.58103937776493
Black or African American	F	2015	Not Hispanic or Latino	I13.1	1.1853756721429	177	13566287	1.30470481716921
Black or African American	F	2015	Not Hispanic or Latino	I13.2	1.25020155270948	177	11926790	1.48405396590365
Black or African American	F	2015	Not Hispanic or Latino	I13.9	0.250446693244335	36	9797070	0.367456800859849
Black or African American	F	2016	Not Hispanic or Latino	I10	7.92396959144264	1176	13788356	8.52893557433533
Black or African American	F	2016	Not Hispanic or Latino	I11.0	4.62686399296322	683	13795060	4.95104769388462
Black or African American	F	2016	Not Hispanic or Latino	I11.9	15.6943140617034	2452	15503005	15.8162885195483
Black or African American	F	2016	Not Hispanic or Latino	I12.0	5.81581558965677	858	15503005	5.53441090936886
Black or African American	F	2016	Not Hispanic or Latino	I12.9	0.224577243550451	34	6637051	0.512275707991396
Black or African American	F	2016	Not Hispanic or Latino	I13.0	0.218478321171793	32	8283350	0.386317130146619
Black or African American	F	2016	Not Hispanic or Latino	I13.1	1.34955569323111	210	13788356	1.52302420970274
Black or African American	F	2016	Not Hispanic or Latino	I13.2	1.07988878750247	157	10581898	1.48366578472028
Black or African American	F	2016	Not Hispanic or Latino	I13.9	0.194938095117605	28	6365711	0.439856600464583
Black or African American	F	2016	Not Hispanic or Latino	I15.0	0.0321501272651534	4	312789	1.27881734971498
Black or African American	F	2017	Not Hispanic or Latino	I10	7.88648495760829	1239	14058597	8.81311271672415
Black or African American	F	2017	Not Hispanic or Latino	I11.0	5.1360171887209	788	14058597	5.60511123549526
Black or African American	F	2017	Not Hispanic or Latino	I11.9	15.0090197516857	2409	15736275	15.3085784278681
Black or African American	F	2017	Not Hispanic or Latino	I12.0	6.25856969504942	947	14058597	6.73609180204824
Black or African American	F	2017	Not Hispanic or Latino	I12.9	0.254371006904187	37	6444787	0.574107414255894
Black or African American	F	2017	Not Hispanic or Latino	I13.0	0.266464160511692	40	10765499	0.371557324003281
Black or African American	F	2017	Not Hispanic or Latino	I13.1	1.35038559736102	213	14058597	1.51508717406154
Black or African American	F	2017	Not Hispanic or Latino	I13.2	1.34750423245085	206	12538727	1.64291000194836
Black or African American	F	2017	Not Hispanic or Latino	I13.9	0.215891642109204	32	7869151	0.406651238488116
Black or African American	F	2018	Not Hispanic or Latino	I10	7.81729693138735	1248	15895642	7.85120852621115
Black or African American	F	2018	Not Hispanic or Latino	I11.0	5.0258762310059	803	14252284	5.63418466822581
Black or African American	F	2018	Not Hispanic or Latino	I11.9	15.4706983033037	2529	15895642	15.9100211240288
Black or African American	F	2018	Not Hispanic or Latino	I12.0	5.89245055071833	929	14252284	6.51825349536958
Black or African American	F	2018	Not Hispanic or Latino	I12.9	0.185295825888948	28	6859775	0.408176653024334
Black or African American	F	2018	Not Hispanic or Latino	I13.0	0.222323603194801	35	6636003	0.527425921899071
Black or African American	F	2018	Not Hispanic or Latino	I13.1	1.39808114207054	228	12441220	1.83261770147944
Black or African American	F	2018	Not Hispanic or Latino	I13.2	1.32881799419773	210	12758006	1.6460252487732
Black or African American	F	2018	Not Hispanic or Latino	I13.9	0.250811538523742	40	8447067	0.473537146088696
Black or African American	F	2019	Not Hispanic or Latino	I10	8.07036017117102	1325	14251983	9.29695186978542
Black or African American	F	2019	Not Hispanic or Latino	I11.0	5.33195491798917	868	14454682	6.0049747203017
Black or African American	F	2019	Not Hispanic or Latino	I11.9	15.0217333143038	2506	16069891	15.5943808206291
Black or African American	F	2019	Not Hispanic or Latino	I12.0	6.25121941556002	1013	16069891	6.30371419445222
Black or African American	F	2019	Not Hispanic or Latino	I12.9	0.243898609624369	38	6931125	0.548251546466122
Black or African American	F	2019	Not Hispanic or Latino	I13.0	0.326081498657925	48	9604917	0.499744037350869
Black or African American	F	2019	Not Hispanic or Latino	I13.1	1.32819178315829	220	14454682	1.52199820099813
Black or African American	F	2019	Not Hispanic or Latino	I13.2	1.92950966500105	309	14454682	2.13771565503828
Black or African American	F	2019	Not Hispanic or Latino	I13.9	0.174159375189172	28	7111581	0.393723983457406
Black or African American	F	2020	Not Hispanic or Latino	I10	9.61483058238599	1642	14636346	11.218647058494
Black or African American	F	2020	Not Hispanic or Latino	I11.0	6.5040861040608	1083	14636346	7.39938779802008
Black or African American	F	2020	Not Hispanic or Latino	I11.9	19.5051256032905	3352	16246943	20.6315735827965
Black or African American	F	2020	Not Hispanic or Latino	I12.0	6.58794027807735	1098	16246943	6.75819444925732
Black or African American	F	2020	Not Hispanic or Latino	I12.9	0.405942441984138	65	9967937	0.652090798727961
Black or African American	F	2020	Not Hispanic or Latino	I13.0	0.339283604024149	53	8259496	0.641685642804355
Black or African American	F	2020	Not Hispanic or Latino	I13.1	1.67192237380591	286	12966654	2.20565768161933
Black or African American	F	2020	Not Hispanic or Latino	I13.2	2.00962544284257	335	14636346	2.28882263373659
Black or African American	F	2020	Not Hispanic or Latino	I13.9	0.217620105976893	34	7174719	0.473886154983909
Black or African American	F	2021	Not Hispanic or Latino	I10	9.44381379861868	1631	16354341	9.97288732086484
Black or African American	F	2021	Not Hispanic or Latino	I11.0	6.82278588493326	1145	14747221	7.76417468755639
Black or African American	F	2021	Not Hispanic or Latino	I11.9	18.2508972125229	3160	16354341	19.3220870226443
Black or African American	F	2021	Not Hispanic or Latino	I12.0	6.66869501590507	1106	16354341	6.76273045792551
Black or African American	F	2021	Not Hispanic or Latino	I12.9	0.0847550246282064	14	6896901	0.202989719585652
Black or African American	F	2021	Not Hispanic or Latino	I13.0	0.272042445970603	40	11301797	0.353926017251947
Black or African American	F	2021	Not Hispanic or Latino	I13.1	1.69353432542424	297	14747221	2.01393876175043
Black or African American	F	2021	Not Hispanic or Latino	I13.2	2.01410974810554	335	16354341	2.04838580778033
Black or African American	F	2021	Not Hispanic or Latino	I13.9	0.22024282092696	33	8614690	0.383066599030261
Black or African American	F	2022	Not Hispanic or Latino	I10	8.70051032470821	1515	16490786	9.1869483965167
Black or African American	F	2022	Not Hispanic or Latino	I11.0	6.25201828321876	1074	14804362	7.25461860497602
Black or African American	F	2022	Not Hispanic or Latino	I11.9	17.1005798913901	3003	16490786	18.2101689998281
Black or African American	F	2022	Not Hispanic or Latino	I12.0	6.50152082238741	1135	14804362	7.66665932648769
Black or African American	F	2022	Not Hispanic or Latino	I12.9	0.33151083548072	55	9830678	0.559473110603358
Black or African American	F	2022	Not Hispanic or Latino	I13.0	0.506827718311943	84	11658576	0.720499656218735
Black or African American	F	2022	Not Hispanic or Latino	I13.1	1.97524769070265	335	14804362	2.26284658535099
Black or African American	F	2022	Not Hispanic or Latino	I13.2	2.25181194803152	386	11597454	3.32831671503073
Black or African American	F	2022	Not Hispanic or Latino	I13.9	0.379121159615104	63	9830678	0.64085101760021
Black or African American	F	2022	Not Hispanic or Latino	I15.0	0.0403284791950575	6	560885	1.06973800333402
Black or African American	M	1999	Not Hispanic or Latino	I10	8.05307298113731	553	10154285	5.44597674774738
Black or African American	M	1999	Not Hispanic or Latino	I11.0	5.83695631954347	396	10154285	3.89983145046648
Black or African American	M	1999	Not Hispanic or Latino	I11.9	25.3142193890533	1947	10154285	19.1741712981269
Black or African American	M	1999	Not Hispanic or Latino	I12.0	10.8809587598585	757	10154285	7.45498082829072
Black or African American	M	1999	Not Hispanic or Latino	I12.9	0.438605276442079	36	6303348	0.571125059254225
Black or African American	M	1999	Not Hispanic or Latino	I13.1	2.97191075994888	231	10154285	2.27490167943878
Black or African American	M	1999	Not Hispanic or Latino	I13.2	1.98357046244126	134	8926926	1.50107663041006
Black or African American	M	1999	Not Hispanic or Latino	I13.9	0.345507350955816	28	4941349	0.566646881246397
Black or African American	M	2000	Not Hispanic or Latino	I10	8.27042973338152	585	9016933	6.48779357681819
Black or African American	M	2000	Not Hispanic or Latino	I11.0	6.1350918105311	421	9016933	4.66899332622301
Black or African American	M	2000	Not Hispanic or Latino	I11.9	25.7542675968853	2031	10305707	19.7075271012459
Black or African American	M	2000	Not Hispanic or Latino	I12.0	10.350317432234	746	10305707	7.23870764033947
Black or African American	M	2000	Not Hispanic or Latino	I12.9	0.326578481699378	24	3928538	0.610914289234316
Black or African American	M	2000	Not Hispanic or Latino	I13.1	2.30392787313251	184	10305707	1.78541850646443
Black or African American	M	2000	Not Hispanic or Latino	I13.2	1.46019713496316	95	7683749	1.23637562861567
Black or African American	M	2000	Not Hispanic or Latino	I13.9	0.286243390582032	20	3179188	0.629091453540967
Black or African American	M	2001	Not Hispanic or Latino	I10	8.97527397919589	651	10534967	6.17942134987229
Black or African American	M	2001	Not Hispanic or Latino	I11.0	5.88351092848094	412	9358600	4.40236787553694
Black or African American	M	2001	Not Hispanic or Latino	I11.9	25.2993466245639	2089	10534967	19.8292030720172
Black or African American	M	2001	Not Hispanic or Latino	I12.0	10.5244043335285	790	10534967	7.498836968355
Black or African American	M	2001	Not Hispanic or Latino	I12.9	0.366600509554209	28	3976195	0.704190815591288
Black or African American	M	2001	Not Hispanic or Latino	I13.0	0.139788036605214	12	1488355	0.806259259383682
Black or African American	M	2001	Not Hispanic or Latino	I13.1	2.29135070193272	192	9180594	2.0913679441657
Black or African American	M	2001	Not Hispanic or Latino	I13.2	1.6133245968893	117	9358600	1.25018699378112
Black or African American	M	2001	Not Hispanic or Latino	I13.9	0.129049413613871	12	2012660	0.596225890115568
Black or African American	M	2002	Not Hispanic or Latino	I10	8.32198004839386	611	10712463	5.7036369693879
Black or African American	M	2002	Not Hispanic or Latino	I11.0	6.03745833930654	441	9551040	4.61729822092673
Black or African American	M	2002	Not Hispanic or Latino	I11.9	27.9545253107833	2398	10712463	22.3851414936042
Black or African American	M	2002	Not Hispanic or Latino	I12.0	10.9883078821386	820	10712463	7.65463553993139
Black or African American	M	2002	Not Hispanic or Latino	I12.9	0.369341791807856	28	3899792	0.717987010589283
Black or African American	M	2002	Not Hispanic or Latino	I13.0	0.130134692628778	8	514810	1.55397136807754
Black or African American	M	2002	Not Hispanic or Latino	I13.1	2.54609087513281	216	10712463	2.01634302027461
Black or African American	M	2002	Not Hispanic or Latino	I13.2	1.54645231427456	120	6772859	1.77177762005676
Black or African American	M	2002	Not Hispanic or Latino	I13.9	0.283070357662112	24	4241041	0.565898797017053
Black or African American	M	2003	Not Hispanic or Latino	I10	9.66354859780312	727	10870424	6.68787160464026
Black or African American	M	2003	Not Hispanic or Latino	I11.0	5.71736299929186	452	8287024	5.45431025661323
Black or African American	M	2003	Not Hispanic or Latino	I11.9	28.692988887647	2517	10870424	23.1545706036857
Black or African American	M	2003	Not Hispanic or Latino	I12.0	10.699217472441	861	10870424	7.92057421127272
Black or African American	M	2003	Not Hispanic or Latino	I12.9	0.462911274500175	40	7880719	0.507567900847626
Black or African American	M	2003	Not Hispanic or Latino	I13.0	0.237528723996336	16	1270898	1.25895233134366
Black or African American	M	2003	Not Hispanic or Latino	I13.1	2.58177880214721	233	10870424	2.14343065183106
Black or African American	M	2003	Not Hispanic or Latino	I13.2	1.56217867244877	128	10870424	1.17750696752951
Black or African American	M	2003	Not Hispanic or Latino	I13.9	0.264842483696364	20	2844356	0.703146863472786
Black or African American	M	2004	Not Hispanic or Latino	I10	8.57805847974286	672	9608955	6.99347639779768
Black or African American	M	2004	Not Hispanic or Latino	I11.0	6.42230925271751	513	9608955	5.33876992867591
Black or African American	M	2004	Not Hispanic or Latino	I11.9	27.8412180849594	2542	11064474	22.9744315003135
Black or African American	M	2004	Not Hispanic or Latino	I12.0	12.459433292022	988	11064474	8.9294800638512
Black or African American	M	2004	Not Hispanic or Latino	I12.9	0.354462698387683	28	4083567	0.68567504830948
Black or African American	M	2004	Not Hispanic or Latino	I13.0	0.104123522549603	8	1235818	0.647344511894146
Black or African American	M	2004	Not Hispanic or Latino	I13.1	2.61937998579844	236	11064474	2.13295272780251
Black or African American	M	2004	Not Hispanic or Latino	I13.2	1.54044339409521	119	9880317	1.20441479762238
Black or African American	M	2004	Not Hispanic or Latino	I13.9	0.187140060867051	20	4986483	0.401084291273027
Black or African American	M	2005	Not Hispanic or Latino	I10	9.66583911469273	767	11251257	6.81701608984667
Black or African American	M	2005	Not Hispanic or Latino	I11.0	6.03239855390933	488	9783977	4.9877468027572
Black or African American	M	2005	Not Hispanic or Latino	I11.9	27.5464936539283	2588	11251257	23.0018743683484
Black or African American	M	2005	Not Hispanic or Latino	I12.0	12.1867762990008	1011	11251257	8.98566266862449
Black or African American	M	2005	Not Hispanic or Latino	I12.9	0.421560202331955	36	6314290	0.570135359636634
Black or African American	M	2005	Not Hispanic or Latino	I13.0	0.113194092454782	8	649446	1.23181911968047
Black or African American	M	2005	Not Hispanic or Latino	I13.1	2.83982424410016	252	11251257	2.23974974529513
Black or African American	M	2005	Not Hispanic or Latino	I13.2	1.4637096443724	119	8564680	1.38942727574177
Black or African American	M	2005	Not Hispanic or Latino	I13.9	0.0333619033473414	4	820971	0.487227928879339
Black or African American	M	2006	Not Hispanic or Latino	I10	9.73280174480664	823	11449862	7.18785955673527
Black or African American	M	2006	Not Hispanic or Latino	I11.0	6.34702557271331	529	9969288	5.30629669842019
Black or African American	M	2006	Not Hispanic or Latino	I11.9	28.0229269983434	2675	11449862	23.3627269918188
Black or African American	M	2006	Not Hispanic or Latino	I12.0	11.264386804435	955	11449862	8.34071187932221
Black or African American	M	2006	Not Hispanic or Latino	I12.9	0.375633633880962	32	5198828	0.615523344876961
Black or African American	M	2006	Not Hispanic or Latino	I13.0	0.12496948685503	12	2195999	0.546448336269734
Black or African American	M	2006	Not Hispanic or Latino	I13.1	2.21810571599025	205	11449862	1.79041459189639
Black or African American	M	2006	Not Hispanic or Latino	I13.2	1.68077568459462	133	8708253	1.52728681631092
Black or African American	M	2006	Not Hispanic or Latino	I13.9	0.09966417208514	8	762625	1.04900835928536
Black or African American	M	2007	Not Hispanic or Latino	I10	8.63268617987591	752	11638754	6.46117273378233
Black or African American	M	2007	Not Hispanic or Latino	I11.0	6.47451528616631	551	11638754	4.73418374509849
Black or African American	M	2007	Not Hispanic or Latino	I11.9	27.6563760218409	2751	11638754	23.6365507854191
Black or African American	M	2007	Not Hispanic or Latino	I12.0	10.2655517313422	902	11638754	7.74997048653146
Black or African American	M	2007	Not Hispanic or Latino	I12.9	0.332713537055611	28	3824865	0.732051980919588
Black or African American	M	2007	Not Hispanic or Latino	I13.0	0.217314249644344	20	4082957	0.48984106371926
Black or African American	M	2007	Not Hispanic or Latino	I13.1	2.27620462479521	218	11638754	1.87305273399541
Black or African American	M	2007	Not Hispanic or Latino	I13.2	1.50737483705317	134	10343690	1.29547579248798
Black or African American	M	2007	Not Hispanic or Latino	I13.9	0.264542131923129	24	4958838	0.483984352785874
Black or African American	M	2007	Not Hispanic or Latino	I15.0	0.0430424978075482	4	450394	0.888111298107879
Black or African American	M	2007	Not Hispanic or Latino	I15.9	0.0312493798246689	4	1144327	0.349550434447496
Black or African American	M	2008	Not Hispanic or Latino	I10	9.62805422079399	870	10339669	8.41419585095035
Black or African American	M	2008	Not Hispanic or Latino	I11.0	6.88396865803515	593	10339669	5.73519326392363
Black or African American	M	2008	Not Hispanic or Latino	I11.9	27.384713299758	2789	11837625	23.560469266428
Black or African American	M	2008	Not Hispanic or Latino	I12.0	10.8147077586464	976	11837625	8.24489709717954
Black or African American	M	2008	Not Hispanic or Latino	I12.9	0.328500502701904	28	3963601	0.706428321115067
Black or African American	M	2008	Not Hispanic or Latino	I13.0	0.0641978233878767	8	1980139	0.404012041578899
Black or African American	M	2008	Not Hispanic or Latino	I13.1	2.09670779398296	210	11837625	1.77400449836855
Black or African American	M	2008	Not Hispanic or Latino	I13.2	1.32755335184104	116	9013197	1.28700171537358
Black or African American	M	2008	Not Hispanic or Latino	I13.9	0.222195765330029	20	2645931	0.755877609809175
Black or African American	M	2009	Not Hispanic or Latino	I10	9.47117377776168	890	12046014	7.38833609192219
Black or African American	M	2009	Not Hispanic or Latino	I11.0	6.83785241921662	618	10523410	5.87262113706489
Black or African American	M	2009	Not Hispanic or Latino	I11.9	29.2616127891598	3072	12046014	25.5022117689719
Black or African American	M	2009	Not Hispanic or Latino	I12.0	8.82463355172627	832	12046014	6.90684902076322
Black or African American	M	2009	Not Hispanic or Latino	I12.9	0.418092749827863	40	7971885	0.501763384695088
Black or African American	M	2009	Not Hispanic or Latino	I13.0	0.217991409444494	20	3741715	0.534514253490712
Black or African American	M	2009	Not Hispanic or Latino	I13.1	2.1780789299264	225	12046014	1.86783777604774
Black or African American	M	2009	Not Hispanic or Latino	I13.2	1.32864659323409	119	9182130	1.29599559143685
Black or African American	M	2009	Not Hispanic or Latino	I13.9	0.249400493723635	24	3901991	0.615070613950673
Black or African American	M	2009	Not Hispanic or Latino	I15.9	0.0290850677250739	4	1229480	0.32534079448222
Black or African American	M	2010	Not Hispanic or Latino	I10	10.3809903124985	986	12219977	8.06875495755843
Black or African American	M	2010	Not Hispanic or Latino	I11.0	6.21660469148588	584	12219977	4.77905973145449
Black or African American	M	2010	Not Hispanic or Latino	I11.9	28.6531450607374	3076	12219977	25.1718968047158
Black or African American	M	2010	Not Hispanic or Latino	I12.0	8.75033964153535	822	12219977	6.72669023845135
Black or African American	M	2010	Not Hispanic or Latino	I12.9	0.342479027135618	32	5526344	0.579044663162481
Black or African American	M	2010	Not Hispanic or Latino	I13.0	0.105139982203911	12	2487756	0.482362418179275
Black or African American	M	2010	Not Hispanic or Latino	I13.1	2.00118576773818	218	10669740	2.04316131414636
Black or African American	M	2010	Not Hispanic or Latino	I13.2	1.20026834857774	112	10669740	1.04969755589171
Black or African American	M	2010	Not Hispanic or Latino	I13.9	0.182016506375911	16	1852094	0.863887038130894
Black or African American	M	2010	Not Hispanic or Latino	I15.9	0.0635483083106327	4	237296	1.68565841817814
Black or African American	M	2011	Not Hispanic or Latino	I10	10.02818828917	980	12521774	7.82636709463052
Black or African American	M	2011	Not Hispanic or Latino	I11.0	6.20878591766108	596	12521774	4.75970896775489
Black or African American	M	2011	Not Hispanic or Latino	I11.9	26.7762224552384	3044	12521774	24.309654526587
Black or African American	M	2011	Not Hispanic or Latino	I12.0	8.68676572660877	846	12521774	6.75623118577288
Black or African American	M	2011	Not Hispanic or Latino	I12.9	0.324634190854296	32	5762824	0.555283312487072
Black or African American	M	2011	Not Hispanic or Latino	I13.0	0.210285352678694	20	3680460	0.543410334577743
Black or African American	M	2011	Not Hispanic or Latino	I13.1	2.00588503807172	223	9673895	2.3051728388617
Black or African American	M	2011	Not Hispanic or Latino	I13.2	1.36384559298099	133	9867392	1.34787388602784
Black or African American	M	2011	Not Hispanic or Latino	I13.9	0.267759986804037	24	4214991	0.569396233586264
Black or African American	M	2012	Not Hispanic or Latino	I10	10.6881019606524	1093	11048681	9.89258355816409
Black or African American	M	2012	Not Hispanic or Latino	I11.0	6.40308875664312	645	11048681	5.83780091035301
Black or African American	M	2012	Not Hispanic or Latino	I11.9	28.2990056543574	3258	12786047	25.4809011729739
Black or African American	M	2012	Not Hispanic or Latino	I12.0	8.24241176614363	815	12786047	6.37413580600791
Black or African American	M	2012	Not Hispanic or Latino	I12.9	0.297416981366223	28	4932333	0.567682676737357
Black or African American	M	2012	Not Hispanic or Latino	I13.0	0.178712201792462	16	2391602	0.669007635885904
Black or African American	M	2012	Not Hispanic or Latino	I13.1	2.2024454171985	252	12786047	1.9708984332687
Black or African American	M	2012	Not Hispanic or Latino	I13.2	1.73887647078227	171	12786047	1.33739536543233
Black or African American	M	2012	Not Hispanic or Latino	I13.9	0.245327291890288	24	5123960	0.468387731364023
Black or African American	M	2012	Not Hispanic or Latino	I15.0	0.0260063092832998	4	844889	0.473434971931224
Black or African American	M	2013	Not Hispanic or Latino	I10	11.3252369380706	1202	11238626	10.6952575875378
Black or African American	M	2013	Not Hispanic or Latino	I11.0	6.68825456495724	707	11238626	6.29080458767825
Black or African American	M	2013	Not Hispanic or Latino	I11.9	28.2723836472143	3295	13032785	25.2823935943085
Black or African American	M	2013	Not Hispanic or Latino	I12.0	8.84094697207574	884	13032785	6.78289406293436
Black or African American	M	2013	Not Hispanic or Latino	I12.9	0.282856375741668	28	4693016	0.596631249499256
Black or African American	M	2013	Not Hispanic or Latino	I13.0	0.159313779299897	16	2139838	0.74772015451637
Black or African American	M	2013	Not Hispanic or Latino	I13.1	2.19124334040237	253	11590209	2.18287694380662
Black or African American	M	2013	Not Hispanic or Latino	I13.2	1.63229116707531	162	10038683	1.61375750185557
Black or African American	M	2013	Not Hispanic or Latino	I13.9	0.292420910836228	32	6941144	0.461019105784291
Black or African American	M	2014	Not Hispanic or Latino	I10	10.6455663622158	1157	13303517	8.6969483332866
Black or African American	M	2014	Not Hispanic or Latino	I11.0	6.29315164713081	672	11477145	5.85511466484043
Black or African American	M	2014	Not Hispanic or Latino	I11.9	28.3657033573009	3443	13303517	25.8803743401087
Black or African American	M	2014	Not Hispanic or Latino	I12.0	8.44001581502204	905	13303517	6.80271239552669
Black or African American	M	2014	Not Hispanic or Latino	I12.9	0.276607884557729	28	5215034	0.536909251214853
Black or African American	M	2014	Not Hispanic or Latino	I13.0	0.179251667515143	20	3955711	0.505598108658595
Black or African American	M	2014	Not Hispanic or Latino	I13.1	2.30324672048758	269	11477145	2.34378845958642
Black or African American	M	2014	Not Hispanic or Latino	I13.2	1.8169846207112	183	11786507	1.55262284237391
Black or African American	M	2014	Not Hispanic or Latino	I13.9	0.209442603043198	24	4597827	0.5219857119461
Black or African American	M	2014	Not Hispanic or Latino	I15.9	0.0733233946818718	8	1059696	0.754933490359499
Black or African American	M	2015	Not Hispanic or Latino	I10	10.7893329869216	1222	11720342	10.4263169112301
Black or African American	M	2015	Not Hispanic or Latino	I11.0	6.13862986513943	689	11720342	5.87866804569355
Black or African American	M	2015	Not Hispanic or Latino	I11.9	29.0752282698903	3583	13535982	26.4701888640218
Black or African American	M	2015	Not Hispanic or Latino	I12.0	8.64077947639534	932	13535982	6.88535194565123
Black or African American	M	2015	Not Hispanic or Latino	I12.9	0.32540592236454	36	7475335	0.48158376848663
Black or African American	M	2015	Not Hispanic or Latino	I13.0	0.248797193519474	28	6034076	0.464031278359769
Black or African American	M	2015	Not Hispanic or Latino	I13.1	2.13259276420054	244	11720342	2.0818505125533
Black or African American	M	2015	Not Hispanic or Latino	I13.2	1.87365248515446	199	10121302	1.96615020478591
Black or African American	M	2015	Not Hispanic or Latino	I13.9	0.260516521019798	28	4957234	0.564831113479816
Black or African American	M	2016	Not Hispanic or Latino	I10	11.0387450554806	1294	13719610	9.43175498428891
Black or African American	M	2016	Not Hispanic or Latino	I11.0	6.61616819954907	753	11946252	6.30323217692043
Black or African American	M	2016	Not Hispanic or Latino	I11.9	30.5152831191605	3831	13719610	27.9235342695601
Black or African American	M	2016	Not Hispanic or Latino	I12.0	9.26691218128313	1031	13719610	7.51479087233529
Black or African American	M	2016	Not Hispanic or Latino	I12.9	0.353626869306582	40	8865614	0.451181384617016
Black or African American	M	2016	Not Hispanic or Latino	I13.0	0.320750109129819	36	7622879	0.472262513939943
Black or African American	M	2016	Not Hispanic or Latino	I13.1	2.36471769961289	276	11946252	2.31034804891107
Black or African American	M	2016	Not Hispanic or Latino	I13.2	1.99260385272959	221	8865614	2.49277715000901
Black or African American	M	2016	Not Hispanic or Latino	I13.9	0.32156443295581	36	8227697	0.43754649691159
Black or African American	M	2016	Not Hispanic or Latino	I15.9	0.0226060469273373	4	971972	0.411534488647821
Black or African American	M	2017	Not Hispanic or Latino	I10	11.0403860005274	1350	13944456	9.68126687767526
Black or African American	M	2017	Not Hispanic or Latino	I11.0	6.94239759280525	838	13944456	6.00955677295694
Black or African American	M	2017	Not Hispanic or Latino	I11.9	28.7882300462059	3777	13944456	27.0860333310959
Black or African American	M	2017	Not Hispanic or Latino	I12.0	8.86524523725265	1024	13944456	7.34342020943664
Black or African American	M	2017	Not Hispanic or Latino	I12.9	0.271367387118367	32	6480075	0.493821444967844
Black or African American	M	2017	Not Hispanic or Latino	I13.0	0.305911193357251	36	7859481	0.458045512165498
Black or African American	M	2017	Not Hispanic or Latino	I13.1	2.23681406584247	278	13944456	1.99362384592128
Black or African American	M	2017	Not Hispanic or Latino	I13.2	2.08804556778332	245	12211165	2.00636057247609
Black or African American	M	2017	Not Hispanic or Latino	I13.9	0.271367387118367	32	6480075	0.493821444967844
Black or African American	M	2018	Not Hispanic or Latino	I10	11.8457290725616	1490	14109868	10.5599853946189
Black or African American	M	2018	Not Hispanic or Latino	I11.0	8.41642024922269	1009	14109868	7.15102366655733
Black or African American	M	2018	Not Hispanic or Latino	I11.9	29.5463077139357	3942	14109868	27.9378942453608
Black or African American	M	2018	Not Hispanic or Latino	I12.0	9.05466063749763	1075	14109868	7.61878140886931
Black or African American	M	2018	Not Hispanic or Latino	I12.9	0.26539581685577	32	6675806	0.479342868861078
Black or African American	M	2018	Not Hispanic or Latino	I13.0	0.407345899667338	44	7758871	0.567092815436679
Black or African American	M	2018	Not Hispanic or Latino	I13.1	2.59313322753333	335	12418440	2.6976013090211
Black or African American	M	2018	Not Hispanic or Latino	I13.2	1.97926101163352	244	12418440	1.96482005791388
Black or African American	M	2018	Not Hispanic or Latino	I13.9	0.284445748656894	31	4079550	0.759887732715618
Black or African American	M	2019	Not Hispanic or Latino	I10	11.4166008448431	1477	14278463	10.3442506381814
Black or African American	M	2019	Not Hispanic or Latino	I11.0	8.01247175723749	1003	12618123	7.94888431504432
Black or African American	M	2019	Not Hispanic or Latino	I11.9	30.7934294144432	4162	14278463	29.1487956371775
Black or African American	M	2019	Not Hispanic or Latino	I12.0	8.65544279602094	1073	14278463	7.51481444466397
Black or African American	M	2019	Not Hispanic or Latino	I12.9	0.257278486173818	32	6631567	0.482540551878613
Black or African American	M	2019	Not Hispanic or Latino	I13.0	0.40668730483252	51	11079545	0.460307711192111
Black or African American	M	2019	Not Hispanic or Latino	I13.1	2.79139064790684	365	12432589	2.93583259287346
Black or African American	M	2019	Not Hispanic or Latino	I13.2	2.56916958798214	312	10772249	2.89633111897061
Black or African American	M	2019	Not Hispanic or Latino	I13.9	0.177672165148596	24	5827582	0.411834616827357
Black or African American	M	2020	Not Hispanic or Latino	I10	15.0580966006355	1995	14453199	13.8031725709997
Black or African American	M	2020	Not Hispanic or Latino	I11.0	9.73328043342378	1259	12800814	9.83531203562523
Black or African American	M	2020	Not Hispanic or Latino	I11.9	37.2725440068793	5167	14453199	35.7498710147145
Black or African American	M	2020	Not Hispanic or Latino	I12.0	10.1975415857177	1306	14453199	9.03606184347147
Black or African American	M	2020	Not Hispanic or Latino	I12.9	0.310808007865914	40	9704730	0.412170147958779
Black or African American	M	2020	Not Hispanic or Latino	I13.0	0.320313416636092	41	6879804	0.595947210124009
Black or African American	M	2020	Not Hispanic or Latino	I13.1	3.00528917980558	406	12622620	3.2164479323627
Black or African American	M	2020	Not Hispanic or Latino	I13.2	3.14591053106614	391	10970235	3.56418982820332
Black or African American	M	2020	Not Hispanic or Latino	I13.9	0.287248430383868	36	8145309	0.441972183007422
Black or African American	M	2021	Not Hispanic or Latino	I10	14.5917901030457	2000	14716384	13.5902950072518
Black or African American	M	2021	Not Hispanic or Latino	I11.0	9.53388492047512	1274	14716384	8.65701791961938
Black or African American	M	2021	Not Hispanic or Latino	I11.9	36.3097668317546	5211	14716384	35.4095136413945
Black or African American	M	2021	Not Hispanic or Latino	I12.0	9.94634951197484	1298	14716384	8.82010145970641
Black or African American	M	2021	Not Hispanic or Latino	I12.9	0.156774907084033	20	9658610	0.207069133136135
Black or African American	M	2021	Not Hispanic or Latino	I13.0	0.417901908116179	53	8449774	0.627235710682913
Black or African American	M	2021	Not Hispanic or Latino	I13.1	3.05380444317514	414	14716384	2.81319106650112
Black or African American	M	2021	Not Hispanic or Latino	I13.2	3.08628667738036	381	13073824	2.91422004763105
Black or African American	M	2021	Not Hispanic or Latino	I13.9	0.201924583929149	29	9960713	0.291143816712719
Black or African American	M	2021	Not Hispanic or Latino	I15.9	0.0144038005717388	2	1241322	0.161118549417476
Black or African American	M	2022	Not Hispanic or Latino	I10	13.6027210575358	1880	14883794	12.6311879887615
Black or African American	M	2022	Not Hispanic or Latino	I11.0	9.56989679779757	1299	14883794	8.72761340287295
Black or African American	M	2022	Not Hispanic or Latino	I11.9	33.2343701872007	4790	14883794	32.1826545032806
Black or African American	M	2022	Not Hispanic or Latino	I12.0	9.75312668253728	1295	14883794	8.70073853481176
Black or African American	M	2022	Not Hispanic or Latino	I12.9	0.49236693067084	62	8267422	0.749931478035112
Black or African American	M	2022	Not Hispanic or Latino	I13.0	0.57410685829481	76	11460697	0.663135933181027
Black or African American	M	2022	Not Hispanic or Latino	I13.1	3.65839076239321	500	13165353	3.79784727382547
Black or African American	M	2022	Not Hispanic or Latino	I13.2	3.62063754341741	479	13165353	3.6383376883248
Black or African American	M	2022	Not Hispanic or Latino	I13.9	0.413270011369452	55	8863711	0.620507595520657
Black or African American	M	2022	Not Hispanic or Latino	I15.9	0.0476408446955492	6	1453787	0.412715205184804
White	F	1999	Not Hispanic or Latino	I10	2.46295111809048	2349	67291956	3.49075898462515
White	F	1999	Not Hispanic or Latino	I11.0	1.56289106511428	1538	61524828	2.49980381903709
White	F	1999	Not Hispanic or Latino	I11.9	3.32812759878946	3029	73505734	4.12076695948645
White	F	1999	Not Hispanic or Latino	I12.0	1.39572981382282	1339	67738606	1.9767162022791
White	F	1999	Not Hispanic or Latino	I12.9	0.0803325994429611	75	31498365	0.238107597013369
White	F	1999	Not Hispanic or Latino	I13.0	0.0179534389893363	16	16111045	0.0993107523441217
White	F	1999	Not Hispanic or Latino	I13.1	0.175477795449374	168	54690152	0.30718510345336
White	F	1999	Not Hispanic or Latino	I13.2	0.393295825940925	383	54690152	0.700308896563315
White	F	1999	Not Hispanic or Latino	I13.9	0.0443134927793088	38	39899905	0.0952383219960048
White	F	2000	Not Hispanic or Latino	I10	2.51609277696734	2407	67808736	3.5496901166245
White	F	2000	Not Hispanic or Latino	I11.0	1.51750850797407	1488	67808736	2.19440751704913
White	F	2000	Not Hispanic or Latino	I11.9	3.40757576284339	3131	73642282	4.25163359277758
White	F	2000	Not Hispanic or Latino	I12.0	1.53348271206653	1481	73642282	2.01107293225921
White	F	2000	Not Hispanic or Latino	I12.9	0.0704684373421174	68	32068965	0.212043014172737
White	F	2000	Not Hispanic or Latino	I13.0	0.0171259410912078	16	14953632	0.106997417082352
White	F	2000	Not Hispanic or Latino	I13.1	0.171462816639211	160	61077324	0.261963015930429
White	F	2000	Not Hispanic or Latino	I13.2	0.326642231235562	318	46865077	0.678543641355801
White	F	2000	Not Hispanic or Latino	I13.9	0.0320893020778293	28	31369054	0.0892599438924744
White	F	2001	Not Hispanic or Latino	I10	2.63281209866152	2554	73986596	3.45197662560391
White	F	2001	Not Hispanic or Latino	I11.0	1.60622664662663	1604	67924995	2.36142821946472
White	F	2001	Not Hispanic or Latino	I11.9	3.38778080662971	3118	73986596	4.21427686712334
White	F	2001	Not Hispanic or Latino	I12.0	1.65693403866432	1610	73986596	2.17606983837991
White	F	2001	Not Hispanic or Latino	I12.9	0.0534576274196639	50	34581521	0.144585890250461
White	F	2001	Not Hispanic or Latino	I13.0	0.00855177779195917	8	10027686	0.0797791235186263
White	F	2001	Not Hispanic or Latino	I13.1	0.18379279470858	172	62198765	0.27653282183336
White	F	2001	Not Hispanic or Latino	I13.2	0.347801474848689	342	46373107	0.737496411443814
White	F	2001	Not Hispanic or Latino	I13.9	0.0320609042136544	28	35135982	0.079690386908782
White	F	2002	Not Hispanic or Latino	I10	2.68216436963366	2626	68047283	3.85908133907418
White	F	2002	Not Hispanic or Latino	I11.0	1.52791530117273	1528	62429451	2.44756276969343
White	F	2002	Not Hispanic or Latino	I11.9	3.84495739933434	3544	74229884	4.77435745420268
White	F	2002	Not Hispanic or Latino	I12.0	1.59373401976604	1556	74229884	2.09619080099869
White	F	2002	Not Hispanic or Latino	I12.9	0.0604480809632337	60	19231918	0.311981363481271
White	F	2002	Not Hispanic or Latino	I13.0	0.00819694998103564	8	7558915	0.105835295144872
White	F	2002	Not Hispanic or Latino	I13.1	0.178203043869321	171	55098341	0.31035417200674
White	F	2002	Not Hispanic or Latino	I13.2	0.303587686899033	305	32028324	0.952282111296239
White	F	2002	Not Hispanic or Latino	I13.9	0.0367371132224656	32	40637674	0.0787446643722768
White	F	2003	Not Hispanic or Latino	I10	2.91663734735803	2871	68177851	4.21104502105823
White	F	2003	Not Hispanic or Latino	I11.0	1.67238400471668	1689	56135880	3.00877086098944
White	F	2003	Not Hispanic or Latino	I11.9	3.92325057988679	3634	74444229	4.88150666453944
White	F	2003	Not Hispanic or Latino	I12.0	1.73689287600436	1705	74444229	2.29030513567412
White	F	2003	Not Hispanic or Latino	I12.9	0.0820207038093902	78	48055609	0.162311958214909
White	F	2003	Not Hispanic or Latino	I13.0	0.0132909963543897	12	14593107	0.0822306038049334
White	F	2003	Not Hispanic or Latino	I13.1	0.191676195160658	180	67390871	0.267098491723011
White	F	2003	Not Hispanic or Latino	I13.2	0.308205415489318	312	41002251	0.76093383263275
White	F	2003	Not Hispanic or Latino	I13.9	0.0287983400870554	24	30260099	0.0793123644440159
White	F	2004	Not Hispanic or Latino	I10	2.89090479440603	2851	74660144	3.81863715666019
White	F	2004	Not Hispanic or Latino	I11.0	1.65164843935884	1674	62666840	2.67126920712772
White	F	2004	Not Hispanic or Latino	I11.9	3.86237676999235	3601	74660144	4.82318919717058
White	F	2004	Not Hispanic or Latino	I12.0	1.74186303275714	1715	74660144	2.29707566596711
White	F	2004	Not Hispanic or Latino	I12.9	0.0626342180779502	60	35093464	0.170972007778998
White	F	2004	Not Hispanic or Latino	I13.0	0.0221059869601163	20	22532000	0.0887626486774365
White	F	2004	Not Hispanic or Latino	I13.1	0.154244248719877	151	49633470	0.304230189829565
White	F	2004	Not Hispanic or Latino	I13.2	0.29742151100408	297	55845452	0.531824865523517
White	F	2004	Not Hispanic or Latino	I13.9	0.017248003496565	16	17679697	0.090499288534187
White	F	2005	Not Hispanic or Latino	I10	3.08598900305417	3072	62782162	4.8931096065153
White	F	2005	Not Hispanic or Latino	I11.0	1.69091603472441	1713	62782162	2.7284820169143
White	F	2005	Not Hispanic or Latino	I11.9	3.66978830553045	3432	74885877	4.58297363600349
White	F	2005	Not Hispanic or Latino	I12.0	1.77463772589766	1749	68915337	2.53789660783346
White	F	2005	Not Hispanic or Latino	I12.9	0.0651635115706809	65	35441714	0.183399708038951
White	F	2005	Not Hispanic or Latino	I13.0	0.0209015687042966	20	23117292	0.0865153236806456
White	F	2005	Not Hispanic or Latino	I13.1	0.178840407594362	168	62782162	0.267591931606306
White	F	2005	Not Hispanic or Latino	I13.2	0.327264839289927	328	56811622	0.577346656288039
White	F	2005	Not Hispanic or Latino	I13.9	0.0180811922914242	16	18548742	0.0862592190888201
White	F	2006	Not Hispanic or Latino	I10	2.90855615611369	2863	69128320	4.14157323655486
White	F	2006	Not Hispanic or Latino	I11.0	1.60577670328422	1630	68843730	2.3676811236114
White	F	2006	Not Hispanic or Latino	I11.9	3.74661705975826	3512	75109863	4.67581734239084
White	F	2006	Not Hispanic or Latino	I12.0	1.7111300590331	1686	75109863	2.24471185628444
White	F	2006	Not Hispanic or Latino	I12.9	0.0497960819271836	50	34774597	0.14378311846432
White	F	2006	Not Hispanic or Latino	I13.0	0.0260856193923264	24	28091115	0.085436266947752
White	F	2006	Not Hispanic or Latino	I13.1	0.139937752214351	133	57140826	0.232758273392828
White	F	2006	Not Hispanic or Latino	I13.2	0.281911956574989	284	49589243	0.572704850525748
White	F	2006	Not Hispanic or Latino	I13.9	0.0253089883423181	24	34818374	0.0689291234564831
White	F	2006	Not Hispanic or Latino	I15.0	0.00726663761901626	8	10078735	0.0793750406176966
White	F	2007	Not Hispanic or Latino	I10	2.7725474528022	2748	75315096	3.64867091187137
White	F	2007	Not Hispanic or Latino	I11.0	1.59420783409559	1616	62978775	2.56594384377911
White	F	2007	Not Hispanic or Latino	I11.9	3.96289362191648	3716	75315096	4.93393781241413
White	F	2007	Not Hispanic or Latino	I12.0	1.60014002312541	1580	69069854	2.28753922080102
White	F	2007	Not Hispanic or Latino	I12.9	0.0602372360042197	60	43496423	0.137942377468602
White	F	2007	Not Hispanic or Latino	I13.0	0.0208227554777342	20	21687498	0.0922190286772591
White	F	2007	Not Hispanic or Latino	I13.1	0.164610990888792	157	62978775	0.249290336307748
White	F	2007	Not Hispanic or Latino	I13.2	0.295413122805213	290	56866131	0.509969633770231
White	F	2007	Not Hispanic or Latino	I13.9	0.0316665266664302	28	36783956	0.0761201432494102
White	F	2007	Not Hispanic or Latino	I15.0	0.00440005910671536	4	3427172	0.116714305555718
White	F	2008	Not Hispanic or Latino	I10	3.14642462019846	3136	75540582	4.15141095947606
White	F	2008	Not Hispanic or Latino	I11.0	1.57440137662783	1599	63139543	2.53248586230661
White	F	2008	Not Hispanic or Latino	I11.9	4.08085219017156	3841	75540582	5.08468415030215
White	F	2008	Not Hispanic or Latino	I12.0	1.4832609762757	1478	69307445	2.13252703226904
White	F	2008	Not Hispanic or Latino	I12.9	0.0736973569857793	70	56706437	0.123442775993844
White	F	2008	Not Hispanic or Latino	I13.0	0.0203452207359678	20	20957707	0.0954302872924027
White	F	2008	Not Hispanic or Latino	I13.1	0.145450631200481	138	56136221	0.245830584142812
White	F	2008	Not Hispanic or Latino	I13.2	0.22069509920772	217	57509679	0.377327788597116
White	F	2008	Not Hispanic or Latino	I13.9	0.0313677846378502	28	35896260	0.078002555140842
White	F	2008	Not Hispanic or Latino	I15.0	0.00795104664704086	8	6263559	0.127722912804046
White	F	2009	Not Hispanic or Latino	I10	3.13539351947541	3105	75770885	4.09788007623245
White	F	2009	Not Hispanic or Latino	I11.0	1.53001634944199	1555	57621871	2.69862809557156
White	F	2009	Not Hispanic or Latino	I11.9	4.12883877482592	3902	75770885	5.1497352842058
White	F	2009	Not Hispanic or Latino	I12.0	1.51936154231974	1504	75770885	1.98493128330229
White	F	2009	Not Hispanic or Latino	I12.9	0.0413454333077398	42	28705245	0.146314724016465
White	F	2009	Not Hispanic or Latino	I13.0	0.0262655307484091	24	30920500	0.0776184084992157
White	F	2009	Not Hispanic or Latino	I13.1	0.153095010839319	145	57621871	0.25164056196648
White	F	2009	Not Hispanic or Latino	I13.2	0.220354280134714	217	57641747	0.376463260213123
White	F	2009	Not Hispanic or Latino	I13.9	0.0401874895398885	36	51396515	0.0700436595749731
White	F	2009	Not Hispanic or Latino	I15.0	0.00351583883591623	4	2860258	0.139847524244316
White	F	2009	Not Hispanic or Latino	I15.9	0.00351583883591623	4	2860258	0.139847524244316
White	F	2010	Not Hispanic or Latino	I10	3.2438580160355	3211	69703899	4.60662896346731
White	F	2010	Not Hispanic or Latino	I11.0	1.54917215444245	1559	69780925	2.23413490147917
White	F	2010	Not Hispanic or Latino	I11.9	4.14267920465757	3931	75954890	5.17544031727253
White	F	2010	Not Hispanic or Latino	I12.0	1.4661309941031	1450	69703899	2.08022796543992
White	F	2010	Not Hispanic or Latino	I12.9	0.052111979873748	53	29174508	0.181665445737765
White	F	2010	Not Hispanic or Latino	I13.0	0.0274965542608399	24	27798262	0.0863363328254119
White	F	2010	Not Hispanic or Latino	I13.1	0.149357289191449	142	57481485	0.247036067352818
White	F	2010	Not Hispanic or Latino	I13.2	0.226140838491407	225	57731842	0.389732931091996
White	F	2010	Not Hispanic or Latino	I13.9	0.0362720764171081	32	46592857	0.0686800553999082
White	F	2010	Not Hispanic or Latino	I15.0	0.00735164768391149	8	7928556	0.100901097248982
White	F	2010	Not Hispanic or Latino	I15.9	0.00380825963268561	4	5090536	0.0785771871567159
White	F	2011	Not Hispanic or Latino	I10	3.25978092066012	3248	64153781	5.062834877963
White	F	2011	Not Hispanic or Latino	I11.0	1.46654340657723	1484	69968241	2.1209622805867
White	F	2011	Not Hispanic or Latino	I11.9	4.10864552196016	3951	76307802	5.1777143312292
White	F	2011	Not Hispanic or Latino	I12.0	1.53457486902419	1522	76307802	1.99455358444213
White	F	2011	Not Hispanic or Latino	I12.9	0.0400889251142307	42	37962556	0.110635332352226
White	F	2011	Not Hispanic or Latino	I13.0	0.0239517982855167	24	30381632	0.0789950980908465
White	F	2011	Not Hispanic or Latino	I13.1	0.190963501060091	179	69968241	0.255830355946779
White	F	2011	Not Hispanic or Latino	I13.2	0.296611159210987	295	57814220	0.510255089491824
White	F	2011	Not Hispanic or Latino	I13.9	0.029426304658392	28	37844789	0.073986408009832
White	F	2011	Not Hispanic or Latino	I15.0	0.00370842321860395	4	5227581	0.0765172266101664
White	F	2012	Not Hispanic or Latino	I10	3.39273107456468	3432	70205549	4.8885024743557
White	F	2012	Not Hispanic or Latino	I11.0	1.48847670512779	1498	70205549	2.13373447161563
White	F	2012	Not Hispanic or Latino	I11.9	4.09484363543957	3954	76586755	5.16277259690661
White	F	2012	Not Hispanic or Latino	I12.0	1.40944337901996	1425	64010683	2.22619090004086
White	F	2012	Not Hispanic or Latino	I12.9	0.0465228313492425	46	45741723	0.100564642044638
White	F	2012	Not Hispanic or Latino	I13.0	0.0272721884003698	24	28483919	0.0842580685614223
White	F	2012	Not Hispanic or Latino	I13.1	0.173967680727542	173	57466014	0.301047502616068
White	F	2012	Not Hispanic or Latino	I13.2	0.302271218468549	301	58481258	0.514694810429694
White	F	2012	Not Hispanic or Latino	I13.9	0.0341096602373982	32	45087429	0.0709732196085077
White	F	2012	Not Hispanic or Latino	I15.9	0.0102662791678302	8	10483695	0.0763089731244566
White	F	2013	Not Hispanic or Latino	I10	3.50333961663589	3564	76799351	4.64066421602964
White	F	2013	Not Hispanic or Latino	I11.0	1.51744647721362	1559	64288072	2.42502217207572
White	F	2013	Not Hispanic or Latino	I11.9	4.53228627339963	4424	76799351	5.76046534559908
White	F	2013	Not Hispanic or Latino	I12.0	1.48562107955767	1509	70437538	2.14232360023713
White	F	2013	Not Hispanic or Latino	I12.9	0.0698382200974027	63	58555467	0.107590295539783
White	F	2013	Not Hispanic or Latino	I13.0	0.0381764365626801	38	46007029	0.0825960746128597
White	F	2013	Not Hispanic or Latino	I13.1	0.202762729800487	203	58079581	0.34952042784193
White	F	2013	Not Hispanic or Latino	I13.2	0.301975121613972	303	58079581	0.521697978502978
White	F	2013	Not Hispanic or Latino	I13.9	0.0397700586827336	36	52406001	0.0686944229917486
White	F	2013	Not Hispanic or Latino	I15.0	0.00369195637631046	4	2723815	0.146852851607029
White	F	2013	Not Hispanic or Latino	I15.9	0.00369195637631046	4	2723815	0.146852851607029
White	F	2014	Not Hispanic or Latino	I10	3.41646384295167	3516	70723426	4.97147861586909
White	F	2014	Not Hispanic or Latino	I11.0	1.52858182251397	1563	64415491	2.42643497043281
White	F	2014	Not Hispanic or Latino	I11.9	4.7232857900773	4614	76988308	5.99311781212285
White	F	2014	Not Hispanic or Latino	I12.0	1.48566128968504	1530	76988308	1.98731474914347
White	F	2014	Not Hispanic or Latino	I12.9	0.0485282443536309	46	38688286	0.118899038329069
White	F	2014	Not Hispanic or Latino	I13.0	0.027419386886169	29	16832870	0.172281969741345
White	F	2014	Not Hispanic or Latino	I13.1	0.196759135811202	199	64485051	0.308598654903754
White	F	2014	Not Hispanic or Latino	I13.2	0.351401477688263	355	58220223	0.609753762021832
White	F	2014	Not Hispanic or Latino	I13.9	0.0454800995473746	42	52488533	0.0800174773411937
White	F	2014	Not Hispanic or Latino	I15.0	0.00815831166399789	8	6102379	0.131096413382387
White	F	2014	Not Hispanic or Latino	I15.9	0.00309769782832232	4	7093153	0.0563924111040605
White	F	2015	Not Hispanic or Latino	I10	3.50803600888807	3636	77171746	4.7115689205736
White	F	2015	Not Hispanic or Latino	I11.0	1.77313906886626	1838	64649704	2.84301379013274
White	F	2015	Not Hispanic or Latino	I11.9	4.98461253034293	4958	77171746	6.42463110786686
White	F	2015	Not Hispanic or Latino	I12.0	1.58593457742983	1648	77171746	2.1354965844624
White	F	2015	Not Hispanic or Latino	I12.9	0.0777598825028185	73	51823384	0.140863051320616
White	F	2015	Not Hispanic or Latino	I13.0	0.045913478718491	47	32777520	0.143390958193298
White	F	2015	Not Hispanic or Latino	I13.1	0.254681812262354	259	64762165	0.399924863537221
White	F	2015	Not Hispanic or Latino	I13.2	0.342169843811086	345	64762165	0.532718447568885
White	F	2015	Not Hispanic or Latino	I13.9	0.054671808997358	49	58928436	0.0831517062492546
White	F	2015	Not Hispanic or Latino	I15.0	0.00810581426180817	8	6145537	0.13017576820382
White	F	2015	Not Hispanic or Latino	I15.9	0.00303498458146016	4	7239722	0.0552507402908565
White	F	2016	Not Hispanic or Latino	I10	3.67681611556827	3862	77325280	4.99448563264174
White	F	2016	Not Hispanic or Latino	I11.0	1.81068842723717	1911	70925910	2.69436091831603
White	F	2016	Not Hispanic or Latino	I11.9	5.16646516654453	5207	77325280	6.73389090863945
White	F	2016	Not Hispanic or Latino	I12.0	1.65395699418709	1733	77325280	2.24118166788403
White	F	2016	Not Hispanic or Latino	I12.9	0.0840793636964541	78	59138253	0.13189432565754
White	F	2016	Not Hispanic or Latino	I13.0	0.0441348835681084	46	40356068	0.113985336728048
White	F	2016	Not Hispanic or Latino	I13.1	0.273153353178595	279	64872283	0.430075815275377
White	F	2016	Not Hispanic or Latino	I13.2	0.375545773420822	391	58910496	0.663718736980249
White	F	2016	Not Hispanic or Latino	I13.9	0.0736125657075103	68	59138253	0.114984796727086
White	F	2016	Not Hispanic or Latino	I15.0	0.0109025476684827	12	12898623	0.0930331865657288
White	F	2016	Not Hispanic or Latino	I15.9	0.00668316911650813	8	9324694	0.0857937000399155
White	F	2017	Not Hispanic or Latino	I10	3.67368286326425	3961	71481836	5.54126785439591
White	F	2017	Not Hispanic or Latino	I11.0	2.14453156706088	2293	77419752	2.96177647275336
White	F	2017	Not Hispanic or Latino	I11.9	5.25146597120702	5369	77419752	6.93492275717959
White	F	2017	Not Hispanic or Latino	I12.0	1.6885652762668	1813	71481836	2.53630866448366
White	F	2017	Not Hispanic or Latino	I12.9	0.087880693680062	92	45984794	0.200066134905378
White	F	2017	Not Hispanic or Latino	I13.0	0.0870256051665219	95	40648631	0.233710207854233
White	F	2017	Not Hispanic or Latino	I13.1	0.325517102480516	343	65261816	0.525575322635827
White	F	2017	Not Hispanic or Latino	I13.2	0.485559392821711	524	53356699	0.982069749104981
White	F	2017	Not Hispanic or Latino	I13.9	0.0800650450740097	85	47136679	0.180326662385358
White	F	2017	Not Hispanic or Latino	I15.9	0.0141073948991207	12	12884424	0.0931357117710501
White	F	2018	Not Hispanic or Latino	I10	3.69096884796711	4074	77503379	5.25654500818603
White	F	2018	Not Hispanic or Latino	I11.0	2.38805347770224	2634	71104471	3.70440840492295
White	F	2018	Not Hispanic or Latino	I11.9	5.28829408170196	5492	77503379	7.08614265708338
White	F	2018	Not Hispanic or Latino	I12.0	1.59129661155956	1764	65241799	2.70378810369714
White	F	2018	Not Hispanic or Latino	I12.9	0.0842212343650436	91	39936576	0.227861296872321
White	F	2018	Not Hispanic or Latino	I13.0	0.107283918231514	116	46638099	0.248723688330436
White	F	2018	Not Hispanic or Latino	I13.1	0.335385608740982	369	65241799	0.565588327814198
White	F	2018	Not Hispanic or Latino	I13.2	0.586851203046142	643	65241799	0.985564484510919
White	F	2018	Not Hispanic or Latino	I13.9	0.0786475479702927	81	46536435	0.174057166175278
White	F	2018	Not Hispanic or Latino	I15.0	0.00382440801730443	4	3943031	0.101444802234626
White	F	2018	Not Hispanic or Latino	I15.9	0.00382440801730443	4	3943031	0.101444802234626
White	F	2019	Not Hispanic or Latino	I10	3.57239555092383	4058	77565673	5.23169572705184
White	F	2019	Not Hispanic or Latino	I11.0	2.64812482250022	2979	77565673	3.84061645413687
White	F	2019	Not Hispanic or Latino	I11.9	5.64438063373369	5981	77565673	7.71088520046748
White	F	2019	Not Hispanic or Latino	I12.0	1.6209717798079	1844	71771020	2.56928214201219
White	F	2019	Not Hispanic or Latino	I12.9	0.108662841016132	122	47333718	0.257744384246342
White	F	2019	Not Hispanic or Latino	I13.0	0.130715657482434	145	47286983	0.306638298324086
White	F	2019	Not Hispanic or Latino	I13.1	0.402069714192255	447	71771020	0.62281405503224
White	F	2019	Not Hispanic or Latino	I13.2	0.686790575127564	784	59167500	1.32505175983437
White	F	2019	Not Hispanic or Latino	I13.9	0.103301763237641	103	59167500	0.174082055182321
White	F	2019	Not Hispanic or Latino	I15.0	0.00368225252179227	4	4095254	0.0976740392659405
White	F	2019	Not Hispanic or Latino	I15.9	0.0085824708656173	8	12292201	0.0650819165745825
White	F	2020	Not Hispanic or Latino	I10	4.15590030010019	4773	77676532	6.14471305181338
White	F	2020	Not Hispanic or Latino	I11.0	3.03760097290849	3509	65697358	5.34115846789455
White	F	2020	Not Hispanic or Latino	I11.9	6.45147803569061	6944	77676532	8.93963700645132
White	F	2020	Not Hispanic or Latino	I12.0	1.80206513663685	2060	71911336	2.86463875459079
White	F	2020	Not Hispanic or Latino	I12.9	0.134096863978185	151	47236779	0.319666165214186
White	F	2020	Not Hispanic or Latino	I13.0	0.163563910395721	188	47351021	0.397034733422116
White	F	2020	Not Hispanic or Latino	I13.1	0.476703544681478	542	59355403	0.913143492598307
White	F	2020	Not Hispanic or Latino	I13.2	0.793628530051493	930	53150869	1.74973620845221
White	F	2020	Not Hispanic or Latino	I13.9	0.136479270614643	157	47351021	0.331566240145065
White	F	2020	Not Hispanic or Latino	I15.0	0.00354223103042786	4	2838947	0.140897311573622
White	F	2020	Not Hispanic or Latino	I15.9	0.00357438522647929	4	4218840	0.0948127921419158
White	F	2021	Not Hispanic or Latino	I10	4.38301991335327	4982	71671648	6.95114475391999
White	F	2021	Not Hispanic or Latino	I11.0	3.33672099686475	3791	65667808	5.77299610792551
White	F	2021	Not Hispanic or Latino	I11.9	6.6847263802455	7205	77401754	9.30857458346487
White	F	2021	Not Hispanic or Latino	I12.0	2.00402915841049	2301	77401754	2.97280084893167
White	F	2021	Not Hispanic or Latino	I12.9	0.124042777840657	147	41309471	0.355850599006702
White	F	2021	Not Hispanic or Latino	I13.0	0.180144792325296	203	53591383	0.378792239789744
White	F	2021	Not Hispanic or Latino	I13.1	0.51133754649719	590	71123682	0.829540855322985
White	F	2021	Not Hispanic or Latino	I13.2	0.977440741385311	1124	71671648	1.56826308779728
White	F	2021	Not Hispanic or Latino	I13.9	0.132558234893736	152	47587543	0.319411321572118
White	F	2021	Not Hispanic or Latino	I15.0	0.00322522428346374	4	9709732	0.0411957817167353
White	F	2021	Not Hispanic or Latino	I15.9	0.0060454776951377	6	16746141	0.0358291501307674
White	F	2022	Not Hispanic or Latino	I10	4.46197378202719	5206	71216452	7.31010862490032
White	F	2022	Not Hispanic or Latino	I11.0	3.78103109810443	4465	71315103	6.26094587565834
White	F	2022	Not Hispanic or Latino	I11.9	7.05671788719872	7737	77183527	10.0241596888932
White	F	2022	Not Hispanic or Latino	I12.0	1.95275228632308	2309	71216452	3.24222835476275
White	F	2022	Not Hispanic or Latino	I12.9	0.173132560074563	191	53446845	0.357364405700655
White	F	2022	Not Hispanic or Latino	I13.0	0.289459381685831	334	52814852	0.632397871719871
White	F	2022	Not Hispanic or Latino	I13.1	0.680398592081648	793	65348028	1.213502571187
White	F	2022	Not Hispanic or Latino	I13.2	1.08405166619139	1283	71216452	1.8015500126291
White	F	2022	Not Hispanic or Latino	I13.9	0.182415070284985	195	59017581	0.33041001799108
White	F	2022	Not Hispanic or Latino	I15.0	0.0190430918260758	24	20960591	0.114500588270627
White	F	2022	Not Hispanic or Latino	I15.9	0.0143011155455479	18	14460149	0.124480045122633
White	M	1999	Not Hispanic or Latino	I10	2.72105983477735	1905	63567555	2.99681181697172
White	M	1999	Not Hispanic or Latino	I11.0	1.52063517975221	1047	63567555	1.64706665216241
White	M	1999	Not Hispanic or Latino	I11.9	5.19168898102439	3680	69489693	5.29574939984265
White	M	1999	Not Hispanic or Latino	I12.0	1.73828370491128	1193	69489693	1.71680136793812
White	M	1999	Not Hispanic or Latino	I12.9	0.0874251917394329	61	42256709	0.144355775552706
White	M	1999	Not Hispanic or Latino	I13.0	0.0284538851281705	20	17615756	0.113534724254809
White	M	1999	Not Hispanic or Latino	I13.1	0.279194996629299	192	63567555	0.302040876041245
White	M	1999	Not Hispanic or Latino	I13.2	0.47079158688247	318	49178414	0.646625163633785
White	M	1999	Not Hispanic or Latino	I13.9	0.0447791401021704	32	34138903	0.0937347049493653
White	M	2000	Not Hispanic or Latino	I10	2.75380932134604	1944	63699496	3.05182948386279
White	M	2000	Not Hispanic or Latino	I11.0	1.55751766166223	1079	63699496	1.69389095323454
White	M	2000	Not Hispanic or Latino	I11.9	5.48698843519693	3937	69673627	5.65063162278031
White	M	2000	Not Hispanic or Latino	I12.0	1.90598320376526	1313	69673627	1.88450071646191
White	M	2000	Not Hispanic or Latino	I12.9	0.093437876396514	64	35100982	0.182331081221602
White	M	2000	Not Hispanic or Latino	I13.0	0.0283621515892034	20	20863645	0.0958605267679737
White	M	2000	Not Hispanic or Latino	I13.1	0.270688903898999	189	57560991	0.328347369835936
White	M	2000	Not Hispanic or Latino	I13.2	0.352842275803013	241	63699496	0.3783389432155
White	M	2000	Not Hispanic or Latino	I13.9	0.0509972887228131	36	43746394	0.0822924970684441
White	M	2001	Not Hispanic or Latino	I10	2.7977972842521	2012	70150944	2.86810110495448
White	M	2001	Not Hispanic or Latino	I11.0	1.61491619325035	1142	58150990	1.96385306595812
White	M	2001	Not Hispanic or Latino	I11.9	5.764426813096	4210	70150944	6.00134475738488
White	M	2001	Not Hispanic or Latino	I12.0	1.84886047172024	1301	70150944	1.8545723347643
White	M	2001	Not Hispanic or Latino	I12.9	0.0947388827366743	67	51051431	0.131240199711542
White	M	2001	Not Hispanic or Latino	I13.0	0.0226678499623048	16	16110422	0.0993145927524431
White	M	2001	Not Hispanic or Latino	I13.1	0.240415678199709	170	55735753	0.305010681384353
White	M	2001	Not Hispanic or Latino	I13.2	0.344132740563091	240	56700893	0.423273756905381
White	M	2001	Not Hispanic or Latino	I13.9	0.0439834862069609	32	35514108	0.0901050365674396
White	M	2002	Not Hispanic or Latino	I10	2.91322341639274	2130	70470196	3.02255438597049
White	M	2002	Not Hispanic or Latino	I11.0	1.55193239508914	1115	64173113	1.73748778557774
White	M	2002	Not Hispanic or Latino	I11.9	6.47245791779163	4825	70470196	6.84686615601296
White	M	2002	Not Hispanic or Latino	I12.0	1.95859915372768	1402	70470196	1.98949354419278
White	M	2002	Not Hispanic or Latino	I12.9	0.0654322261466553	46	37268279	0.123429364688399
White	M	2002	Not Hispanic or Latino	I13.0	0.0286511540538704	20	17921389	0.111598492728438
White	M	2002	Not Hispanic or Latino	I13.1	0.224410556166626	160	64173113	0.249325601517882
White	M	2002	Not Hispanic or Latino	I13.2	0.340322273722925	243	44431612	0.546907908720485
White	M	2002	Not Hispanic or Latino	I13.9	0.0386186801628655	28	33355702	0.0839436687616408
White	M	2003	Not Hispanic or Latino	I10	3.06671189531112	2279	70718950	3.22261572039743
White	M	2003	Not Hispanic or Latino	I11.0	1.65698781574778	1210	70718950	1.71099825435757
White	M	2003	Not Hispanic or Latino	I11.9	6.90248925916211	5220	70718950	7.38133131218719
White	M	2003	Not Hispanic or Latino	I12.0	2.11876912975546	1534	65046195	2.3583239573045
White	M	2003	Not Hispanic or Latino	I12.9	0.070876199747671	52	44114930	0.117873926128864
White	M	2003	Not Hispanic or Latino	I13.0	0.0165091473400005	12	12337314	0.0972659040695568
White	M	2003	Not Hispanic or Latino	I13.1	0.250231920352461	183	57836714	0.316408017232791
White	M	2003	Not Hispanic or Latino	I13.2	0.383708123106087	278	45076561	0.616728503312398
White	M	2003	Not Hispanic or Latino	I13.9	0.0379944318220482	28	29105259	0.0962025453887904
White	M	2004	Not Hispanic or Latino	I10	3.26232817575531	2456	65348028	3.75833835414284
White	M	2004	Not Hispanic or Latino	I11.0	1.63809989631299	1219	64646418	1.88564198560855
White	M	2004	Not Hispanic or Latino	I11.9	7.05138734707114	5419	71093206	7.62238799583746
White	M	2004	Not Hispanic or Latino	I12.0	2.14093895465143	1569	71093206	2.20696194232681
White	M	2004	Not Hispanic or Latino	I12.9	0.068035998415044	50	23474151	0.21300024865649
White	M	2004	Not Hispanic or Latino	I13.0	0.0358684304931566	28	29788239	0.0939968287484198
White	M	2004	Not Hispanic or Latino	I13.1	0.242729055484297	179	71093206	0.251782146384002
White	M	2004	Not Hispanic or Latino	I13.2	0.354925715849761	258	52597494	0.490517666107819
White	M	2004	Not Hispanic or Latino	I13.9	0.0360908153143627	28	35325895	0.0792619691588847
White	M	2005	Not Hispanic or Latino	I10	3.38005780135843	2586	65609067	3.94152838661766
White	M	2005	Not Hispanic or Latino	I11.0	1.77572403985673	1332	64959191	2.05051814761671
White	M	2005	Not Hispanic or Latino	I11.9	6.93723326697433	5424	71441758	7.592198389071
White	M	2005	Not Hispanic or Latino	I12.0	2.19298525542731	1637	71441758	2.29137698431217
White	M	2005	Not Hispanic or Latino	I12.9	0.0787192402329069	58	37732768	0.153712550322309
White	M	2005	Not Hispanic or Latino	I13.0	0.0218894220748791	16	15691243	0.101967702622412
White	M	2005	Not Hispanic or Latino	I13.1	0.216923430315452	161	64959191	0.247847914238957
White	M	2005	Not Hispanic or Latino	I13.2	0.336370468003266	246	53070594	0.463533534220476
White	M	2005	Not Hispanic or Latino	I13.9	0.0467081397999845	36	50929904	0.0706853875082898
White	M	2006	Not Hispanic or Latino	I10	3.37873056638715	2634	71804187	3.66830976026509
White	M	2006	Not Hispanic or Latino	I11.0	1.71632974320066	1306	71804187	1.81883543922028
White	M	2006	Not Hispanic or Latino	I11.9	7.15843701486694	5672	71804187	7.89926080494442
White	M	2006	Not Hispanic or Latino	I12.0	2.08653847521871	1574	71804187	2.19207272690101
White	M	2006	Not Hispanic or Latino	I12.9	0.0819734035955133	60	30637194	0.195840389299359
White	M	2006	Not Hispanic or Latino	I13.0	0.0150348552682614	12	11939497	0.100506746641002
White	M	2006	Not Hispanic or Latino	I13.1	0.21462829892109	161	65313583	0.24650308956408
White	M	2006	Not Hispanic or Latino	I13.2	0.327505082486631	244	53508368	0.456003442302707
White	M	2006	Not Hispanic or Latino	I13.9	0.0264765392128554	20	22373934	0.0893897336069732
White	M	2006	Not Hispanic or Latino	I15.0	0.0179084494543356	12	11786238	0.10181365758947
White	M	2007	Not Hispanic or Latino	I10	3.39634560232957	2677	72114814	3.71213603906681
White	M	2007	Not Hispanic or Latino	I11.0	1.77227969470138	1377	65648054	2.0975488473733
White	M	2007	Not Hispanic or Latino	I11.9	7.20043940385098	5802	72114814	8.0455036603159
White	M	2007	Not Hispanic or Latino	I12.0	1.97687265716247	1503	72114814	2.08417649111596
White	M	2007	Not Hispanic or Latino	I12.9	0.0629597027139516	49	32249614	0.151939803062449
White	M	2007	Not Hispanic or Latino	I13.0	0.0214009325578286	16	11821224	0.135349774270414
White	M	2007	Not Hispanic or Latino	I13.1	0.267237325507661	206	65648054	0.313794526186565
White	M	2007	Not Hispanic or Latino	I13.2	0.284692016749329	212	53826806	0.393855804856785
White	M	2007	Not Hispanic or Latino	I13.9	0.0344446973839187	28	32249614	0.0868227446071137
White	M	2007	Not Hispanic or Latino	I15.0	0.00570240509536929	4	2644456	0.151259843234298
White	M	2007	Not Hispanic or Latino	I15.9	0.0103782919983681	8	10292098	0.0777295358050419
White	M	2008	Not Hispanic or Latino	I10	3.74175341402122	3001	66005849	4.54656677471113
White	M	2008	Not Hispanic or Latino	I11.0	1.75132133002622	1364	59796228	2.28108033837853
White	M	2008	Not Hispanic or Latino	I11.9	7.76251252669909	6326	72447003	8.73190020020566
White	M	2008	Not Hispanic or Latino	I12.0	1.96063535196586	1509	72447003	2.08290189726689
White	M	2008	Not Hispanic or Latino	I12.9	0.0684717032337877	52	39125674	0.132905058709021
White	M	2008	Not Hispanic or Latino	I13.0	0.0312944135727146	24	24951307	0.0961873460175854
White	M	2008	Not Hispanic or Latino	I13.1	0.247803284984838	196	66237382	0.29590541486075
White	M	2008	Not Hispanic or Latino	I13.2	0.296712643329597	224	66237382	0.338177616983715
White	M	2008	Not Hispanic or Latino	I13.9	0.0584601685248292	44	60272872	0.0730013330043407
White	M	2008	Not Hispanic or Latino	I15.9	0.00972093200606873	8	6256701	0.127862910501876
White	M	2009	Not Hispanic or Latino	I10	3.93951746791006	3212	66339193	4.84178334819358
White	M	2009	Not Hispanic or Latino	I11.0	1.72549717234583	1367	72776028	1.8783657717621
White	M	2009	Not Hispanic or Latino	I11.9	7.90209722186486	6565	72776028	9.0208275725078
White	M	2009	Not Hispanic or Latino	I12.0	1.93485652113307	1511	72776028	2.07623312445686
White	M	2009	Not Hispanic or Latino	I12.9	0.0901683970695329	71	41171335	0.172450079648862
White	M	2009	Not Hispanic or Latino	I13.0	0.024596607934147	20	19429252	0.102937570628041
White	M	2009	Not Hispanic or Latino	I13.1	0.205765591640896	168	60075026	0.279650315923292
White	M	2009	Not Hispanic or Latino	I13.2	0.279253117673659	216	60075026	0.35955040618709
White	M	2009	Not Hispanic or Latino	I13.9	0.0442849335427063	36	47435502	0.0758925245483857
White	M	2009	Not Hispanic or Latino	I15.0	0.00389236381819986	4	7036638	0.0568453286924807
White	M	2009	Not Hispanic or Latino	I15.9	0.0104429820920674	8	9765137	0.0819240938452784
White	M	2010	Not Hispanic or Latino	I10	4.00613300994114	3323	73040051	4.54955870718108
White	M	2010	Not Hispanic or Latino	I11.0	1.75233602973926	1414	60868788	2.32302966177017
White	M	2010	Not Hispanic or Latino	I11.9	7.90297317277397	6618	73040051	9.06078228231248
White	M	2010	Not Hispanic or Latino	I12.0	1.84669168980178	1468	73040051	2.00985620889011
White	M	2010	Not Hispanic or Latino	I12.9	0.0767352239579153	59	54433936	0.108388267201549
White	M	2010	Not Hispanic or Latino	I13.0	0.0321496647588221	26	22102692	0.117632729986013
White	M	2010	Not Hispanic or Latino	I13.1	0.248374770079745	198	66605199	0.297274091171171
White	M	2010	Not Hispanic or Latino	I13.2	0.241620494689385	189	41620792	0.454099960423627
White	M	2010	Not Hispanic or Latino	I13.9	0.0444340074196543	36	48326424	0.0744934075817404
White	M	2010	Not Hispanic or Latino	I15.0	0.00416536572221879	4	4654113	0.0859454852084597
White	M	2010	Not Hispanic or Latino	I15.9	0.00531145876944641	4	3391018	0.117958677895546
White	M	2011	Not Hispanic or Latino	I10	4.11717627254454	3480	66964466	5.19678600886625
White	M	2011	Not Hispanic or Latino	I11.0	1.65860528413605	1363	66964466	2.03540785347262
White	M	2011	Not Hispanic or Latino	I11.9	8.23921961505494	6986	73499678	9.50480354485363
White	M	2011	Not Hispanic or Latino	I12.0	1.85027643574035	1483	67186453	2.2072902107215
White	M	2011	Not Hispanic or Latino	I12.9	0.0693457538855316	56	41387509	0.135306524487859
White	M	2011	Not Hispanic or Latino	I13.0	0.0334341910491399	28	34807663	0.0804420566815991
White	M	2011	Not Hispanic or Latino	I13.1	0.295337603666278	244	61134692	0.399118719695194
White	M	2011	Not Hispanic or Latino	I13.2	0.312466942505568	247	48788209	0.506269865327502
White	M	2011	Not Hispanic or Latino	I13.9	0.0440168217691571	36	48788209	0.0737883204525913
White	M	2011	Not Hispanic or Latino	I15.9	0.00514160661540849	4	1955849	0.204514765710441
White	M	2012	Not Hispanic or Latino	I10	4.23146315502693	3682	73891044	4.98301255562176
White	M	2012	Not Hispanic or Latino	I11.0	1.7509146269269	1447	73891044	1.95828874741572
White	M	2012	Not Hispanic or Latino	I11.9	8.41565248327243	7310	73891044	9.8929445360117
White	M	2012	Not Hispanic or Latino	I12.0	1.7272841641898	1418	73891044	1.91904177182826
White	M	2012	Not Hispanic or Latino	I12.9	0.0483256393952075	41	42458967	0.0965638188983731
White	M	2012	Not Hispanic or Latino	I13.0	0.0391082749422183	32	41041884	0.0779691302670219
White	M	2012	Not Hispanic or Latino	I13.1	0.28456986485573	237	68159111	0.347715802807346
White	M	2012	Not Hispanic or Latino	I13.2	0.350133772197853	277	60945197	0.454506693940131
White	M	2012	Not Hispanic or Latino	I13.9	0.0471884137219859	36	46934005	0.0767034477454034
White	M	2012	Not Hispanic or Latino	I15.0	0.00947721290578464	8	11510827	0.0694997848547285
White	M	2013	Not Hispanic or Latino	I10	4.4940791899361	3973	74212754	5.35352723872773
White	M	2013	Not Hispanic or Latino	I11.0	1.83306025018828	1564	74212754	2.10745446800155
White	M	2013	Not Hispanic or Latino	I11.9	8.91435182489446	7834	74212754	10.5561370219464
White	M	2013	Not Hispanic or Latino	I12.0	1.94515762510076	1624	74212754	2.18830310488141
White	M	2013	Not Hispanic or Latino	I12.9	0.0479646862767063	41	42770982	0.095859384290031
White	M	2013	Not Hispanic or Latino	I13.0	0.0348573815304416	31	28116654	0.110254940008153
White	M	2013	Not Hispanic or Latino	I13.1	0.306969710758649	265	67575597	0.392153398215631
White	M	2013	Not Hispanic or Latino	I13.2	0.346770806706827	285	49215822	0.579082068364113
White	M	2013	Not Hispanic or Latino	I13.9	0.0515002173726333	40	54963791	0.0727751839388226
White	M	2013	Not Hispanic or Latino	I15.9	0.0128680400003383	8	12611806	0.0634326281263762
White	M	2014	Not Hispanic or Latino	I10	4.58400042102779	4126	67872693	6.07902798257909
White	M	2014	Not Hispanic or Latino	I11.0	2.0225872275752	1737	67872693	2.55920300672319
White	M	2014	Not Hispanic or Latino	I11.9	9.40536021361451	8324	74481340	11.1759536012644
White	M	2014	Not Hispanic or Latino	I12.0	1.79803056821135	1524	74481340	2.04615008269185
White	M	2014	Not Hispanic or Latino	I12.9	0.0453468585837859	38	42627874	0.0891435495938643
White	M	2014	Not Hispanic or Latino	I13.0	0.0491593435887557	41	41854873	0.097957530536528
White	M	2014	Not Hispanic or Latino	I13.1	0.338752407004134	302	61575216	0.490457069610604
White	M	2014	Not Hispanic or Latino	I13.2	0.352429994833523	296	49322090	0.600136774414872
White	M	2014	Not Hispanic or Latino	I13.9	0.0577634135944627	46	55619567	0.0827047071402048
White	M	2014	Not Hispanic or Latino	I15.0	0.00806121294415417	8	11622494	0.0688320424170578
White	M	2015	Not Hispanic or Latino	I10	4.83362639250258	4426	74744461	5.92150901991253
White	M	2015	Not Hispanic or Latino	I11.0	2.21833982237477	1950	61695502	3.16068422621798
White	M	2015	Not Hispanic or Latino	I11.9	9.57780274575487	8590	74744461	11.4924903933684
White	M	2015	Not Hispanic or Latino	I12.0	1.93663253250666	1686	68221139	2.47137474500389
White	M	2015	Not Hispanic or Latino	I12.9	0.065523521136821	56	43429246	0.128945365526263
White	M	2015	Not Hispanic or Latino	I13.0	0.0838611109146019	70	35939545	0.194771525349027
White	M	2015	Not Hispanic or Latino	I13.1	0.346662157509645	305	61895593	0.492765292676007
White	M	2015	Not Hispanic or Latino	I13.2	0.438888343739761	370	68221139	0.542353888286738
White	M	2015	Not Hispanic or Latino	I13.9	0.087245955868753	69	61695502	0.111839595696944
White	M	2015	Not Hispanic or Latino	I15.0	0.0036023066459768	4	7603227	0.0526092407868396
White	M	2016	Not Hispanic or Latino	I10	4.96687216931934	4640	74928793	6.19254603500686
White	M	2016	Not Hispanic or Latino	I11.0	2.27020791668701	2027	74928793	2.70523508899977
White	M	2016	Not Hispanic or Latino	I11.9	10.0156576594416	9168	74928793	12.2356168208929
White	M	2016	Not Hispanic or Latino	I12.0	2.02897119022798	1777	74928793	2.371584979355
White	M	2016	Not Hispanic or Latino	I12.9	0.0910753583963597	75	49534692	0.151409036721173
White	M	2016	Not Hispanic or Latino	I13.0	0.0983745138859915	90	43732763	0.205795366736833
White	M	2016	Not Hispanic or Latino	I13.1	0.455271079832499	410	68524361	0.598327359812958
White	M	2016	Not Hispanic or Latino	I13.2	0.528620413014371	462	55566215	0.83144047151673
White	M	2016	Not Hispanic or Latino	I13.9	0.0916856765618078	75	55566215	0.13497410251895
White	M	2016	Not Hispanic or Latino	I15.0	0.0063380378197405	8	13048985	0.0613074503495866
White	M	2016	Not Hispanic or Latino	I15.9	0.0129926252773609	8	8739266	0.0915408685351836
White	M	2017	Not Hispanic or Latino	I10	5.33405087946429	5026	75049754	6.69689070533129
White	M	2017	Not Hispanic or Latino	I11.0	2.67848280960407	2445	68393271	3.57491309342406
White	M	2017	Not Hispanic or Latino	I11.9	10.1518841379077	9341	75049754	12.4464098843016
White	M	2017	Not Hispanic or Latino	I12.0	2.14830155629797	1945	68769821	2.82827550183677
White	M	2017	Not Hispanic or Latino	I12.9	0.0892799125397281	80	50577281	0.158173785577758
White	M	2017	Not Hispanic or Latino	I13.0	0.137703918898637	119	42638613	0.279089753693442
White	M	2017	Not Hispanic or Latino	I13.1	0.474756877513639	429	62113338	0.690672911508958
White	M	2017	Not Hispanic or Latino	I13.2	0.675291437573952	593	68695567	0.863228918395855
White	M	2017	Not Hispanic or Latino	I13.9	0.121457315538621	107	50200731	0.213144306603822
White	M	2017	Not Hispanic or Latino	I15.9	0.00821442776953751	8	8059042	0.0992673819046979
White	M	2018	Not Hispanic or Latino	I10	5.2853128255004	5118	75120701	6.81303546408599
White	M	2018	Not Hispanic or Latino	I11.0	3.13887806897746	2949	68937221	4.27780516420875
White	M	2018	Not Hispanic or Latino	I11.9	10.5939840703229	9848	75120701	13.1095688257755
White	M	2018	Not Hispanic or Latino	I12.0	2.02501307941003	1910	75120701	2.54257478241583
White	M	2018	Not Hispanic or Latino	I12.9	0.103906248397126	95	43853636	0.216629699758533
White	M	2018	Not Hispanic or Latino	I13.0	0.190879437857233	170	62089742	0.273797240130262
White	M	2018	Not Hispanic or Latino	I13.1	0.577408049700474	543	68458522	0.793181015506002
White	M	2018	Not Hispanic or Latino	I13.2	0.781033225945165	731	55906262	1.30754583448988
White	M	2018	Not Hispanic or Latino	I13.9	0.107306409595519	88	62275042	0.14130861605842
White	M	2018	Not Hispanic or Latino	I15.0	0.0122366623786817	12	14402483	0.0833189665976346
White	M	2019	Not Hispanic or Latino	I10	5.28742400552918	5255	75170500	6.99077430641009
White	M	2019	Not Hispanic or Latino	I11.0	3.45307073106164	3323	62451451	5.32093321578709
White	M	2019	Not Hispanic or Latino	I11.9	11.2129953010681	10622	75170500	14.1305432317199
White	M	2019	Not Hispanic or Latino	I12.0	2.2771666899427	2195	75170500	2.92002846861468
White	M	2019	Not Hispanic or Latino	I12.9	0.107237257110909	96	49717496	0.193090979481348
White	M	2019	Not Hispanic or Latino	I13.0	0.203455950237062	194	44008548	0.440823450935032
White	M	2019	Not Hispanic or Latino	I13.1	0.627105570932234	600	69067255	0.868718468686789
White	M	2019	Not Hispanic or Latino	I13.2	0.905176213850458	865	56192541	1.5393502137588
White	M	2019	Not Hispanic or Latino	I13.9	0.140706279463571	135	49764519	0.271277614478701
White	M	2019	Not Hispanic or Latino	I15.0	0.00440101451683207	4	3426428	0.116739648403527
White	M	2019	Not Hispanic or Latino	I15.9	0.00668292579901879	8	11260390	0.0710454966479847
White	M	2020	Not Hispanic or Latino	I10	5.965658124588	6045	75252983	8.03290415743387
White	M	2020	Not Hispanic or Latino	I11.0	4.05291202756502	3998	69191796	5.77814167448407
White	M	2020	Not Hispanic or Latino	I11.9	12.6935193714964	12165	75252983	16.165472138161
White	M	2020	Not Hispanic or Latino	I12.0	2.40717785805941	2352	75252983	3.12545749847551
White	M	2020	Not Hispanic or Latino	I12.9	0.132089538912788	127	44619691	0.284627699461209
White	M	2020	Not Hispanic or Latino	I13.0	0.250961968912238	244	49885651	0.489118604466042
White	M	2020	Not Hispanic or Latino	I13.1	0.755059908509349	747	69191796	1.0796077615907
White	M	2020	Not Hispanic or Latino	I13.2	1.08097587930585	1054	62671286	1.68179092415624
White	M	2020	Not Hispanic or Latino	I13.9	0.176666676552632	171	50308772	0.339900962003207
White	M	2020	Not Hispanic or Latino	I15.0	0.0068846301104852	8	13493004	0.0592899846468585
White	M	2020	Not Hispanic or Latino	I15.9	0.0068892041845138	4	5930598	0.0674468240808094
White	M	2021	Not Hispanic or Latino	I10	6.38375345868445	6497	70018223	9.27901297923542
White	M	2021	Not Hispanic or Latino	I11.0	4.51275006075226	4444	76019370	5.84587849123191
White	M	2021	Not Hispanic or Latino	I11.9	13.1837868622143	12834	76019370	16.8825392791337
White	M	2021	Not Hispanic or Latino	I12.0	2.50368043218544	2483	76019370	3.26627279336832
White	M	2021	Not Hispanic or Latino	I12.9	0.147339811928271	146	57204012	0.255226853668935
White	M	2021	Not Hispanic or Latino	I13.0	0.329433326437448	323	57258237	0.56411097673161
White	M	2021	Not Hispanic or Latino	I13.1	0.860286731203566	867	69497164	1.24753292091171
White	M	2021	Not Hispanic or Latino	I13.2	1.20395024724024	1187	63780443	1.86107205307433
White	M	2021	Not Hispanic or Latino	I13.9	0.16491936457667	162	63881607	0.25359412138771
White	M	2021	Not Hispanic or Latino	I15.0	0.00297555680196287	4	13899791	0.0287774111135916
White	M	2021	Not Hispanic or Latino	I15.9	0.0102084433526023	8	20094728	0.0398114371092756
White	M	2022	Not Hispanic or Latino	I10	6.39745506287034	6676	76273186	8.75274831183792
White	M	2022	Not Hispanic or Latino	I11.0	4.79164933721722	4875	76273186	6.39149910428548
White	M	2022	Not Hispanic or Latino	I11.9	13.5735876435042	13393	76273186	17.5592507699888
White	M	2022	Not Hispanic or Latino	I12.0	2.56809629168321	2587	76273186	3.39175552467416
White	M	2022	Not Hispanic or Latino	I12.9	0.207789778980708	190	69980380	0.271504670309021
White	M	2022	Not Hispanic or Latino	I13.0	0.430866356873199	411	69980380	0.587307471036882
White	M	2022	Not Hispanic or Latino	I13.1	0.99698011339192	995	63778591	1.56008463717864
White	M	2022	Not Hispanic or Latino	I13.2	1.43110961720789	1443	70071397	2.05932814497761
White	M	2022	Not Hispanic or Latino	I13.9	0.197380627253108	190	57538117	0.330215881065416
White	M	2022	Not Hispanic or Latino	I15.0	0.0176349934265945	18	11488629	0.156676658285336
White	M	2022	Not Hispanic or Latino	I15.9	0.00443204945881785	6	6561101	0.091448066414463
