Race	Hispanic Origin	Age_groups	Gender	Year	Deaths	Population	Crude Rate
Black or African American	Not Hispanic or Latino	35-39 years	Female	1999	193	1507328	12.8041143002717
Black or African American	Not Hispanic or Latino	35-39 years	Female	2000	168	1505402	11.1598098049558
Black or African American	Not Hispanic or Latino	35-39 years	Female	2001	176	1491812	11.7977332264387
Black or African American	Not Hispanic or Latino	35-39 years	Female	2002	170	1467701	11.5827406263265
Black or African American	Not Hispanic or Latino	35-39 years	Female	2003	163	1440844	11.3128138785323
Black or African American	Not Hispanic or Latino	35-39 years	Female	2004	132	1408319	9.37287645767756
Black or African American	Not Hispanic or Latino	35-39 years	Female	2005	162	1396992	11.5963441451347
Black or African American	Not Hispanic or Latino	35-39 years	Female	2006	166	1405559	11.8102477377328
Black or African American	Not Hispanic or Latino	35-39 years	Female	2007	147	1413720	10.3980986333928
Black or African American	Not Hispanic or Latino	35-39 years	Female	2008	145	1412276	10.2671149265441
Black or African American	Not Hispanic or Latino	35-39 years	Female	2009	129	1403007	9.19453716196712
Black or African American	Not Hispanic or Latino	35-39 years	Female	2010	130	1384151	9.39203887437137
Black or African American	Not Hispanic or Latino	35-39 years	Female	2011	139	1344610	10.3375700017105
Black or African American	Not Hispanic or Latino	35-39 years	Female	2012	136	1338520	10.1604757493351
Black or African American	Not Hispanic or Latino	35-39 years	Female	2013	102	1344139	7.58850089164885
Black or African American	Not Hispanic or Latino	35-39 years	Female	2014	154	1374316	11.205574263852
Black or African American	Not Hispanic or Latino	35-39 years	Female	2015	142	1413525	10.0458074671477
Black or African American	Not Hispanic or Latino	35-39 years	Female	2016	150	1445255	10.3787912859668
Black or African American	Not Hispanic or Latino	35-39 years	Female	2017	148	1475146	10.0329052175175
Black or African American	Not Hispanic or Latino	35-39 years	Female	2018	165	1494278	11.042122014779
Black or African American	Not Hispanic or Latino	35-39 years	Female	2019	158	1501244	10.5246049276467
Black or African American	Not Hispanic or Latino	35-39 years	Female	2020	176	1502992	11.709975834868
Black or African American	Not Hispanic or Latino	35-39 years	Female	2021	168	1528319	10.992469504076
Black or African American	Not Hispanic or Latino	35-39 years	Female	2022	188	1533513	12.2594330794718
Black or African American	Not Hispanic or Latino	35-39 years	Male	1999	349	1334212	26.1577620348191
Black or African American	Not Hispanic or Latino	35-39 years	Male	2000	319	1333184	23.9276799001488
Black or African American	Not Hispanic or Latino	35-39 years	Male	2001	353	1322748	26.68686703741
Black or African American	Not Hispanic or Latino	35-39 years	Male	2002	334	1298817	25.7157089874863
Black or African American	Not Hispanic or Latino	35-39 years	Male	2003	290	1273108	22.7789001404437
Black or African American	Not Hispanic or Latino	35-39 years	Male	2004	277	1248378	22.1887921767285
Black or African American	Not Hispanic or Latino	35-39 years	Male	2005	334	1238840	26.9607051758096
Black or African American	Not Hispanic or Latino	35-39 years	Male	2006	310	1244414	24.9113237234554
Black or African American	Not Hispanic or Latino	35-39 years	Male	2007	275	1253650	21.9359470346588
Black or African American	Not Hispanic or Latino	35-39 years	Male	2008	258	1253548	20.5815812398089
Black or African American	Not Hispanic or Latino	35-39 years	Male	2009	281	1244299	22.5829965305767
Black or African American	Not Hispanic or Latino	35-39 years	Male	2010	273	1226242	22.2631421856371
Black or African American	Not Hispanic or Latino	35-39 years	Male	2011	238	1193704	19.9379410641164
Black or African American	Not Hispanic or Latino	35-39 years	Male	2012	275	1189759	23.1139247528281
Black or African American	Not Hispanic or Latino	35-39 years	Male	2013	260	1199943	21.6676958822211
Black or African American	Not Hispanic or Latino	35-39 years	Male	2014	252	1231071	20.4699810165295
Black or African American	Not Hispanic or Latino	35-39 years	Male	2015	275	1271310	21.6312307777017
Black or African American	Not Hispanic or Latino	35-39 years	Male	2016	280	1303281	21.4842386254384
Black or African American	Not Hispanic or Latino	35-39 years	Male	2017	258	1336143	19.3093104555426
Black or African American	Not Hispanic or Latino	35-39 years	Male	2018	312	1361639	22.9135622584253
Black or African American	Not Hispanic or Latino	35-39 years	Male	2019	308	1374076	22.4150629222838
Black or African American	Not Hispanic or Latino	35-39 years	Male	2020	326	1383849	23.5574835115681
Black or African American	Not Hispanic or Latino	35-39 years	Male	2021	322	1434313	22.449772120869
Black or African American	Not Hispanic or Latino	35-39 years	Male	2022	364	1453787	25.0380557812114
Black or African American	Not Hispanic or Latino	40-44 years	Female	1999	420	1420696	29.5629747672972
Black or African American	Not Hispanic or Latino	40-44 years	Female	2000	406	1442018	28.1549883565947
Black or African American	Not Hispanic or Latino	40-44 years	Female	2001	420	1475496	28.4650043104149
Black or African American	Not Hispanic or Latino	40-44 years	Female	2002	389	1487168	26.1570985927615
Black or African American	Not Hispanic or Latino	40-44 years	Female	2003	378	1498869	25.2190151374136
Black or African American	Not Hispanic or Latino	40-44 years	Female	2004	403	1510161	26.6858964044231
Black or African American	Not Hispanic or Latino	40-44 years	Female	2005	362	1506129	24.0351258092766
Black or African American	Not Hispanic or Latino	40-44 years	Female	2006	340	1494626	22.7481657618695
Black or African American	Not Hispanic or Latino	40-44 years	Female	2007	278	1471651	18.8903483230739
Black or African American	Not Hispanic or Latino	40-44 years	Female	2008	313	1446445	21.6392603935857
Black or African American	Not Hispanic or Latino	40-44 years	Female	2009	277	1414333	19.5852037674296
Black or African American	Not Hispanic or Latino	40-44 years	Female	2010	273	1404513	19.43734233859
Black or African American	Not Hispanic or Latino	40-44 years	Female	2011	234	1410151	16.593967596378
Black or African American	Not Hispanic or Latino	40-44 years	Female	2012	216	1415866	15.2556809754595
Black or African American	Not Hispanic or Latino	40-44 years	Female	2013	262	1412452	18.5493029143645
Black or African American	Not Hispanic or Latino	40-44 years	Female	2014	241	1406532	17.1343417711079
Black or African American	Not Hispanic or Latino	40-44 years	Female	2015	247	1386639	17.8128554007207
Black or African American	Not Hispanic or Latino	40-44 years	Female	2016	238	1352538	17.5965481191656
Black or African American	Not Hispanic or Latino	40-44 years	Female	2017	265	1351467	19.6083219198101
Black or African American	Not Hispanic or Latino	40-44 years	Female	2018	229	1354893	16.9017036769693
Black or African American	Not Hispanic or Latino	40-44 years	Female	2019	270	1378109	19.592064198115
Black or African American	Not Hispanic or Latino	40-44 years	Female	2020	324	1414368	22.9077580940745
Black or African American	Not Hispanic or Latino	40-44 years	Female	2021	301	1459174	20.6281087793505
Black or African American	Not Hispanic or Latino	40-44 years	Female	2022	343	1472391	23.2954425828465
Black or African American	Not Hispanic or Latino	40-44 years	Male	1999	772	1248357	61.8412841839314
Black or African American	Not Hispanic or Latino	40-44 years	Male	2000	715	1273647	56.1380037011825
Black or African American	Not Hispanic or Latino	40-44 years	Male	2001	727	1304062	55.7488831052511
Black or African American	Not Hispanic or Latino	40-44 years	Male	2002	695	1314793	52.8600319594035
Black or African American	Not Hispanic or Latino	40-44 years	Male	2003	729	1321512	55.1640847756207
Black or African American	Not Hispanic or Latino	40-44 years	Male	2004	654	1331998	49.0991728215808
Black or African American	Not Hispanic or Latino	40-44 years	Male	2005	610	1329094	45.8959260970255
Black or African American	Not Hispanic or Latino	40-44 years	Male	2006	609	1324308	45.9862811370165
Black or African American	Not Hispanic or Latino	40-44 years	Male	2007	590	1305269	45.2014105904607
Black or African American	Not Hispanic or Latino	40-44 years	Male	2008	568	1286275	44.1585197566617
Black or African American	Not Hispanic or Latino	40-44 years	Male	2009	546	1262389	43.2513274434426
Black or African American	Not Hispanic or Latino	40-44 years	Male	2010	483	1257524	38.4088096926977
Black or African American	Not Hispanic or Latino	40-44 years	Male	2011	542	1256689	43.1292069875681
Black or African American	Not Hispanic or Latino	40-44 years	Male	2012	568	1261822	45.0142730115658
Black or African American	Not Hispanic or Latino	40-44 years	Male	2013	545	1254873	43.430689798888
Black or African American	Not Hispanic or Latino	40-44 years	Male	2014	495	1246955	39.6967011640356
Black or African American	Not Hispanic or Latino	40-44 years	Male	2015	492	1226949	40.099466236983
Black or African American	Not Hispanic or Latino	40-44 years	Male	2016	524	1199479	43.68563351255
Black or African American	Not Hispanic or Latino	40-44 years	Male	2017	468	1197949	39.0667716238337
Black or African American	Not Hispanic or Latino	40-44 years	Male	2018	512	1203743	42.5339960440061
Black or African American	Not Hispanic or Latino	40-44 years	Male	2019	537	1228028	43.7286446237382
Black or African American	Not Hispanic or Latino	40-44 years	Male	2020	604	1265505	47.7279821099087
Black or African American	Not Hispanic or Latino	40-44 years	Male	2021	645	1329536	48.5131654953307
Black or African American	Not Hispanic or Latino	40-44 years	Male	2022	638	1354606	47.0985659298719
Black or African American	Not Hispanic or Latino	45-49 years	Female	1999	661	1192724	55.4193593823885
Black or African American	Not Hispanic or Latino	45-49 years	Female	2000	667	1225916	54.4082955112748
Black or African American	Not Hispanic or Latino	45-49 years	Female	2001	680	1272430	53.4410537318359
Black or African American	Not Hispanic or Latino	45-49 years	Female	2002	693	1321076	52.4572394018209
Black or African American	Not Hispanic or Latino	45-49 years	Female	2003	693	1363748	50.8158398765754
Black or African American	Not Hispanic or Latino	45-49 years	Female	2004	660	1398644	47.1885626363821
Black or African American	Not Hispanic or Latino	45-49 years	Female	2005	636	1436071	44.2875038908243
Black or African American	Not Hispanic or Latino	45-49 years	Female	2006	683	1461455	46.7342477188829
Black or African American	Not Hispanic or Latino	45-49 years	Female	2007	603	1473530	40.9221393524394
Black or African American	Not Hispanic or Latino	45-49 years	Female	2008	617	1485776	41.5271211811202
Black or African American	Not Hispanic or Latino	45-49 years	Female	2009	562	1496992	37.5419507919882
Black or African American	Not Hispanic or Latino	45-49 years	Female	2010	538	1493767	36.0163265087527
Black or African American	Not Hispanic or Latino	45-49 years	Female	2011	477	1475059	32.3376895432657
Black or African American	Not Hispanic or Latino	45-49 years	Female	2012	506	1453232	34.8189415041783
Black or African American	Not Hispanic or Latino	45-49 years	Female	2013	472	1428396	33.0440578102991
Black or African American	Not Hispanic or Latino	45-49 years	Female	2014	457	1402364	32.5878302637546
Black or African American	Not Hispanic or Latino	45-49 years	Female	2015	465	1396052	33.308214880248
Black or African American	Not Hispanic or Latino	45-49 years	Female	2016	434	1403832	30.9153801879427
Black or African American	Not Hispanic or Latino	45-49 years	Female	2017	454	1413393	32.1212854457324
Black or African American	Not Hispanic or Latino	45-49 years	Female	2018	455	1406949	32.3394806776934
Black or African American	Not Hispanic or Latino	45-49 years	Female	2019	412	1397316	29.4850985746961
Black or African American	Not Hispanic or Latino	45-49 years	Female	2020	530	1375619	38.5281098908928
Black or African American	Not Hispanic or Latino	45-49 years	Female	2021	455	1349300	33.7211887645446
Black or African American	Not Hispanic or Latino	45-49 years	Female	2022	448	1334539	33.5696446488263
Black or African American	Not Hispanic or Latino	45-49 years	Male	1999	1243	1027188	121.009980646191
Black or African American	Not Hispanic or Latino	45-49 years	Male	2000	1301	1061019	122.617973853437
Black or African American	Not Hispanic or Latino	45-49 years	Male	2001	1220	1105384	110.368885382817
Black or African American	Not Hispanic or Latino	45-49 years	Male	2002	1254	1153639	108.699515186293
Black or African American	Not Hispanic or Latino	45-49 years	Male	2003	1346	1196401	112.504085168769
Black or African American	Not Hispanic or Latino	45-49 years	Male	2004	1287	1231607	104.497619776438
Black or African American	Not Hispanic or Latino	45-49 years	Male	2005	1294	1267913	102.057475552345
Black or African American	Not Hispanic or Latino	45-49 years	Male	2006	1262	1293433	97.5698006777313
Black or African American	Not Hispanic or Latino	45-49 years	Male	2007	1170	1307530	89.4816944926694
Black or African American	Not Hispanic or Latino	45-49 years	Male	2008	1089	1318543	82.5911631247521
Black or African American	Not Hispanic or Latino	45-49 years	Male	2009	1074	1330207	80.7393135053416
Black or African American	Not Hispanic or Latino	45-49 years	Male	2010	1098	1329666	82.5771283916412
Black or African American	Not Hispanic or Latino	45-49 years	Male	2011	1038	1313392	79.0320026313545
Black or African American	Not Hispanic or Latino	45-49 years	Male	2012	1008	1293068	77.9541369827418
Black or African American	Not Hispanic or Latino	45-49 years	Male	2013	967	1269490	76.1723211683432
Black or African American	Not Hispanic or Latino	45-49 years	Male	2014	913	1247238	73.2017465792415
Black or African American	Not Hispanic or Latino	45-49 years	Male	2015	840	1240517	67.7137032382466
Black or African American	Not Hispanic or Latino	45-49 years	Male	2016	964	1242735	77.5708417321472
Black or African American	Not Hispanic or Latino	45-49 years	Male	2017	966	1249902	77.2860592270434
Black or African American	Not Hispanic or Latino	45-49 years	Male	2018	911	1240961	73.4108485278748
Black or African American	Not Hispanic or Latino	45-49 years	Male	2019	867	1229131	70.5376400074524
Black or African American	Not Hispanic or Latino	45-49 years	Male	2020	1041	1207681	86.1982593085426
Black or African American	Not Hispanic or Latino	45-49 years	Male	2021	1039	1208836	85.9504515087241
Black or African American	Not Hispanic or Latino	45-49 years	Male	2022	973	1200224	81.0682006025542
Black or African American	Not Hispanic or Latino	50-54 years	Female	1999	946	930401	101.676588911663
Black or African American	Not Hispanic or Latino	50-54 years	Female	2000	971	980443	99.0368639482356
Black or African American	Not Hispanic or Latino	50-54 years	Female	2001	1006	1066260	94.3484703543226
Black or African American	Not Hispanic or Latino	50-54 years	Female	2002	1043	1105949	94.3081462165073
Black or African American	Not Hispanic or Latino	50-54 years	Female	2003	1016	1144404	88.779836491309
Black or African American	Not Hispanic or Latino	50-54 years	Female	2004	1022	1185311	86.2220969855169
Black or African American	Not Hispanic or Latino	50-54 years	Female	2005	1067	1223782	87.188731326331
Black or African American	Not Hispanic or Latino	50-54 years	Female	2006	998	1264163	78.9455157285888
Black or African American	Not Hispanic or Latino	50-54 years	Female	2007	990	1315461	75.2587876037374
Black or African American	Not Hispanic or Latino	50-54 years	Female	2008	1065	1361382	78.2293287262502
Black or African American	Not Hispanic or Latino	50-54 years	Female	2009	917	1399562	65.5204985559768
Black or African American	Not Hispanic or Latino	50-54 years	Female	2010	902	1431800	62.9976253666713
Black or African American	Not Hispanic or Latino	50-54 years	Female	2011	915	1454259	62.9186410398698
Black or African American	Not Hispanic or Latino	50-54 years	Female	2012	857	1460480	58.6793382997371
Black or African American	Not Hispanic or Latino	50-54 years	Female	2013	871	1467990	59.332829242706
Black or African American	Not Hispanic or Latino	50-54 years	Female	2014	856	1473543	58.0912806752161
Black or African American	Not Hispanic or Latino	50-54 years	Female	2015	849	1467603	57.8494320330498
Black or African American	Not Hispanic or Latino	50-54 years	Female	2016	871	1451167	60.0206592349468
Black or African American	Not Hispanic or Latino	50-54 years	Female	2017	788	1432173	55.0212858362782
Black or African American	Not Hispanic or Latino	50-54 years	Female	2018	820	1404709	58.3750798208027
Black or African American	Not Hispanic or Latino	50-54 years	Female	2019	723	1377231	52.4966399972118
Black or African American	Not Hispanic or Latino	50-54 years	Female	2020	786	1370203	57.3637628876889
Black or African American	Not Hispanic or Latino	50-54 years	Female	2021	791	1385068	57.109109444446
Black or African American	Not Hispanic or Latino	50-54 years	Female	2022	749	1380503	54.2555865506993
Black or African American	Not Hispanic or Latino	50-54 years	Male	1999	1847	788057	234.37390950147
Black or African American	Not Hispanic or Latino	50-54 years	Male	2000	1783	834987	213.536258648338
Black or African American	Not Hispanic or Latino	50-54 years	Male	2001	1936	912639	212.132069744992
Black or African American	Not Hispanic or Latino	50-54 years	Male	2002	1987	945720	210.104470667851
Black or African American	Not Hispanic or Latino	50-54 years	Male	2003	2057	979716	209.95880438821
Black or African American	Not Hispanic or Latino	50-54 years	Male	2004	2014	1017168	198.000723577619
Black or African American	Not Hispanic or Latino	50-54 years	Male	2005	2064	1054056	195.815023110727
Black or African American	Not Hispanic or Latino	50-54 years	Male	2006	2030	1093251	185.684714672111
Black or African American	Not Hispanic or Latino	50-54 years	Male	2007	2017	1144327	176.26080657015
Black or African American	Not Hispanic or Latino	50-54 years	Male	2008	1873	1191230	157.232440418727
Black or African American	Not Hispanic or Latino	50-54 years	Male	2009	1897	1229480	154.292871783193
Black or African American	Not Hispanic or Latino	50-54 years	Male	2010	1831	1260649	145.24264882612
Black or African American	Not Hispanic or Latino	50-54 years	Male	2011	1785	1280547	139.393556035038
Black or African American	Not Hispanic or Latino	50-54 years	Male	2012	1729	1286971	134.34646157528
Black or African American	Not Hispanic or Latino	50-54 years	Male	2013	1711	1291678	132.463353869927
Black or African American	Not Hispanic or Latino	50-54 years	Male	2014	1724	1296563	132.966928718466
Black or African American	Not Hispanic or Latino	50-54 years	Male	2015	1640	1291152	127.018352602947
Black or African American	Not Hispanic or Latino	50-54 years	Male	2016	1631	1277354	127.685825542489
Black or African American	Not Hispanic or Latino	50-54 years	Male	2017	1636	1259223	129.921388030555
Black or African American	Not Hispanic or Latino	50-54 years	Male	2018	1601	1234617	129.675842791732
Black or African American	Not Hispanic or Latino	50-54 years	Male	2019	1471	1208849	121.686000484759
Black or African American	Not Hispanic or Latino	50-54 years	Male	2020	1797	1200964	149.629797396092
Black or African American	Not Hispanic or Latino	50-54 years	Male	2021	1782	1241322	143.556627530971
Black or African American	Not Hispanic or Latino	50-54 years	Male	2022	1606	1242380	129.268017836733
Black or African American	Not Hispanic or Latino	55-59 years	Female	1999	1258	703574	178.801376969587
Black or African American	Not Hispanic or Latino	55-59 years	Female	2000	1214	721707	168.212307764785
Black or African American	Not Hispanic or Latino	55-59 years	Female	2001	1290	749059	172.21607376722
Black or African American	Not Hispanic or Latino	55-59 years	Female	2002	1299	799225	162.532453314148
Black or African American	Not Hispanic or Latino	55-59 years	Female	2003	1293	846733	152.704571570967
Black or African American	Not Hispanic or Latino	55-59 years	Female	2004	1310	906422	144.524294423569
Black or African American	Not Hispanic or Latino	55-59 years	Female	2005	1336	976118	136.868698251646
Black or African American	Not Hispanic or Latino	55-59 years	Female	2006	1322	1046312	126.348546131555
Black or African American	Not Hispanic or Latino	55-59 years	Female	2007	1273	1085461	117.27735957349
Black or African American	Not Hispanic or Latino	55-59 years	Female	2008	1317	1123799	117.191775397558
Black or African American	Not Hispanic or Latino	55-59 years	Female	2009	1280	1164471	109.921157332385
Black or African American	Not Hispanic or Latino	55-59 years	Female	2010	1260	1194067	105.521716955581
Black or African American	Not Hispanic or Latino	55-59 years	Female	2011	1282	1242711	103.161555663384
Black or African American	Not Hispanic or Latino	55-59 years	Female	2012	1284	1292069	99.3754977481853
Black or African American	Not Hispanic or Latino	55-59 years	Female	2013	1338	1330735	100.545938898428
Black or African American	Not Hispanic or Latino	55-59 years	Female	2014	1299	1364351	95.2101035583952
Black or African American	Not Hispanic or Latino	55-59 years	Female	2015	1351	1395987	96.777405520252
Black or African American	Not Hispanic or Latino	55-59 years	Female	2016	1331	1412482	94.2312893190851
Black or African American	Not Hispanic or Latino	55-59 years	Female	2017	1322	1421202	93.0198522096085
Black or African American	Not Hispanic or Latino	55-59 years	Female	2018	1304	1426347	91.4223537470195
Black or African American	Not Hispanic or Latino	55-59 years	Female	2019	1243	1428980	86.9851222550351
Black or African American	Not Hispanic or Latino	55-59 years	Female	2020	1390	1421662	97.7728883518023
Black or African American	Not Hispanic or Latino	55-59 years	Female	2021	1418	1417403	100.042119284353
Black or African American	Not Hispanic or Latino	55-59 years	Female	2022	1202	1384021	86.848393196346
Black or African American	Not Hispanic or Latino	55-59 years	Male	1999	2301	573942	400.911590369759
Black or African American	Not Hispanic or Latino	55-59 years	Male	2000	2293	590653	388.214399994582
Black or African American	Not Hispanic or Latino	55-59 years	Male	2001	2228	616383	361.463570539746
Black or African American	Not Hispanic or Latino	55-59 years	Male	2002	2309	662769	348.386843681584
Black or African American	Not Hispanic or Latino	55-59 years	Male	2003	2251	706655	318.542994813594
Black or African American	Not Hispanic or Latino	55-59 years	Male	2004	2350	758635	309.766883942871
Black or African American	Not Hispanic or Latino	55-59 years	Male	2005	2483	820971	302.44673685185
Black or African American	Not Hispanic or Latino	55-59 years	Male	2006	2550	881087	289.415233682939
Black or African American	Not Hispanic or Latino	55-59 years	Male	2007	2548	912345	279.28031610849
Black or African American	Not Hispanic or Latino	55-59 years	Male	2008	2496	945305	264.041764298295
Black or African American	Not Hispanic or Latino	55-59 years	Male	2009	2483	981716	252.924471028281
Black or African American	Not Hispanic or Latino	55-59 years	Male	2010	2440	1009656	241.666468579397
Black or African American	Not Hispanic or Latino	55-59 years	Male	2011	2384	1054879	225.997484071633
Black or African American	Not Hispanic or Latino	55-59 years	Male	2012	2512	1100716	228.215089087467
Black or African American	Not Hispanic or Latino	55-59 years	Male	2013	2566	1139012	225.282964534175
Black or African American	Not Hispanic or Latino	55-59 years	Male	2014	2558	1171735	218.308747285009
Black or African American	Not Hispanic or Latino	55-59 years	Male	2015	2556	1200683	212.878836462247
Black or African American	Not Hispanic or Latino	55-59 years	Male	2016	2582	1216592	212.232202743401
Black or African American	Not Hispanic or Latino	55-59 years	Male	2017	2666	1224431	217.733788184063
Black or African American	Not Hispanic or Latino	55-59 years	Male	2018	2616	1227043	213.195462587701
Black or African American	Not Hispanic or Latino	55-59 years	Male	2019	2560	1228490	208.385904647168
Black or African American	Not Hispanic or Latino	55-59 years	Male	2020	2830	1221168	231.745345439776
Black or African American	Not Hispanic or Latino	55-59 years	Male	2021	2784	1245183	223.581594030757
Black or African American	Not Hispanic or Latino	55-59 years	Male	2022	2470	1217698	202.841755509166
Black or African American	Not Hispanic or Latino	60-64 years	Female	1999	1713	585855	292.393168958189
Black or African American	Not Hispanic or Latino	60-64 years	Female	2000	1819	596149	305.125061016625
Black or African American	Not Hispanic or Latino	60-64 years	Female	2001	1744	610941	285.461280221822
Black or African American	Not Hispanic or Latino	60-64 years	Female	2002	1663	629297	264.26313807312
Black or African American	Not Hispanic or Latino	60-64 years	Female	2003	1712	653908	261.81052992164
Black or African American	Not Hispanic or Latino	60-64 years	Female	2004	1554	678186	229.140678221019
Black or African American	Not Hispanic or Latino	60-64 years	Female	2005	1611	698748	230.555221624964
Black or African American	Not Hispanic or Latino	60-64 years	Female	2006	1466	720394	203.49975152486
Black or African American	Not Hispanic or Latino	60-64 years	Female	2007	1491	768767	193.946930604461
Black or African American	Not Hispanic or Latino	60-64 years	Female	2008	1531	815179	187.811511336774
Black or African American	Not Hispanic or Latino	60-64 years	Female	2009	1515	873483	173.443558718372
Black or African American	Not Hispanic or Latino	60-64 years	Female	2010	1528	927423	164.757613300511
Black or African American	Not Hispanic or Latino	60-64 years	Female	2011	1532	1006503	152.210177217554
Black or African American	Not Hispanic or Latino	60-64 years	Female	2012	1631	1040236	156.79134350282
Black or African American	Not Hispanic or Latino	60-64 years	Female	2013	1565	1075039	145.576113982842
Black or African American	Not Hispanic or Latino	60-64 years	Female	2014	1606	1114807	144.060810525948
Black or African American	Not Hispanic or Latino	60-64 years	Female	2015	1715	1153658	148.65757442847
Black or African American	Not Hispanic or Latino	60-64 years	Female	2016	1778	1190046	149.405989348311
Black or African American	Not Hispanic or Latino	60-64 years	Female	2017	1814	1239642	146.332570209786
Black or African American	Not Hispanic or Latino	60-64 years	Female	2018	1869	1272746	146.847839238937
Black or African American	Not Hispanic or Latino	60-64 years	Female	2019	1802	1301964	138.406284659176
Black or African American	Not Hispanic or Latino	60-64 years	Female	2020	2041	1329313	153.537955319778
Black or African American	Not Hispanic or Latino	60-64 years	Female	2021	2023	1343674	150.55735245305
Black or African American	Not Hispanic or Latino	60-64 years	Female	2022	1922	1339506	143.485732800002
Black or African American	Not Hispanic or Latino	60-64 years	Male	1999	2699	459389	587.519509609503
Black or African American	Not Hispanic or Latino	60-64 years	Male	2000	2658	470342	565.120699405964
Black or African American	Not Hispanic or Latino	60-64 years	Male	2001	2622	483638	542.141022831126
Black or African American	Not Hispanic or Latino	60-64 years	Male	2002	2671	497980	536.36692236636
Black or African American	Not Hispanic or Latino	60-64 years	Male	2003	2634	518313	508.187137887724
Black or African American	Not Hispanic or Latino	60-64 years	Male	2004	2522	538700	468.164098756265
Black or African American	Not Hispanic or Latino	60-64 years	Male	2005	2602	556778	467.331683363926
Black or African American	Not Hispanic or Latino	60-64 years	Male	2006	2563	576788	444.357372206079
Black or African American	Not Hispanic or Latino	60-64 years	Male	2007	2595	620088	418.488988659674
Black or African American	Not Hispanic or Latino	60-64 years	Male	2008	2540	661596	383.920096252093
Black or African American	Not Hispanic or Latino	60-64 years	Male	2009	2661	710808	374.362697099639
Black or African American	Not Hispanic or Latino	60-64 years	Male	2010	2641	757918	348.454582157964
Black or African American	Not Hispanic or Latino	60-64 years	Male	2011	2847	820245	347.091417808094
Black or African American	Not Hispanic or Latino	60-64 years	Male	2012	2944	844889	348.448139341381
Black or African American	Not Hispanic or Latino	60-64 years	Male	2013	2933	872930	335.99486785882
Black or African American	Not Hispanic or Latino	60-64 years	Male	2014	2998	904640	331.402546869473
Black or African American	Not Hispanic or Latino	60-64 years	Male	2015	3077	938589	327.83252307453
Black or African American	Not Hispanic or Latino	60-64 years	Male	2016	3193	971972	328.507405563123
Black or African American	Not Hispanic or Latino	60-64 years	Male	2017	3329	1015295	327.884998941194
Black or African American	Not Hispanic or Latino	60-64 years	Male	2018	3462	1048087	330.316090171904
Black or African American	Not Hispanic or Latino	60-64 years	Male	2019	3453	1076824	320.665215485539
Black or African American	Not Hispanic or Latino	60-64 years	Male	2020	3996	1102596	362.417422156438
Black or African American	Not Hispanic or Latino	60-64 years	Male	2021	4018	1145296	350.8263365977
Black or African American	Not Hispanic or Latino	60-64 years	Male	2022	3781	1142395	330.971336534211
Black or African American	Not Hispanic or Latino	65-69 years	Female	1999	2440	507961	480.35183803481
Black or African American	Not Hispanic or Latino	65-69 years	Female	2000	2422	508629	476.182050178028
Black or African American	Not Hispanic or Latino	65-69 years	Female	2001	2407	522334	460.816259328322
Black or African American	Not Hispanic or Latino	65-69 years	Female	2002	2189	530031	412.994711630074
Black or African American	Not Hispanic or Latino	65-69 years	Female	2003	2132	539527	395.160946532796
Black or African American	Not Hispanic or Latino	65-69 years	Female	2004	2005	548655	365.439119300836
Black or African American	Not Hispanic or Latino	65-69 years	Female	2005	1866	561769	332.16500020471
Black or African American	Not Hispanic or Latino	65-69 years	Female	2006	1788	574475	311.240698028635
Black or African American	Not Hispanic or Latino	65-69 years	Female	2007	1783	592733	300.809976836113
Black or African American	Not Hispanic or Latino	65-69 years	Female	2008	1653	617326	267.767759660212
Black or African American	Not Hispanic or Latino	65-69 years	Female	2009	1705	641482	265.790778229163
Black or African American	Not Hispanic or Latino	65-69 years	Female	2010	1649	657563	250.774450508925
Black or African American	Not Hispanic or Latino	65-69 years	Female	2011	1621	680703	238.136162173518
Black or African American	Not Hispanic or Latino	65-69 years	Female	2012	1612	729212	221.060542064585
Black or African American	Not Hispanic or Latino	65-69 years	Female	2013	1765	774692	227.832480521291
Black or African American	Not Hispanic or Latino	65-69 years	Female	2014	1801	828528	217.373462333198
Black or African American	Not Hispanic or Latino	65-69 years	Female	2015	1809	885437	204.305896410473
Black or African American	Not Hispanic or Latino	65-69 years	Female	2016	2142	946010	226.424667815351
Black or African American	Not Hispanic or Latino	65-69 years	Female	2017	2004	978448	204.814154661259
Black or African American	Not Hispanic or Latino	65-69 years	Female	2018	2066	1007581	205.045549687817
Black or African American	Not Hispanic or Latino	65-69 years	Female	2019	2121	1042963	203.362918914669
Black or African American	Not Hispanic or Latino	65-69 years	Female	2020	2458	1077483	228.124248828056
Black or African American	Not Hispanic or Latino	65-69 years	Female	2021	2418	1106116	218.602750525261
Black or African American	Not Hispanic or Latino	65-69 years	Female	2022	2285	1131633	201.920587328224
Black or African American	Not Hispanic or Latino	65-69 years	Male	1999	3141	376469	834.331644836627
Black or African American	Not Hispanic or Latino	65-69 years	Male	2000	2901	375235	773.115514277719
Black or African American	Not Hispanic or Latino	65-69 years	Male	2001	3015	388334	776.393516921001
Black or African American	Not Hispanic or Latino	65-69 years	Male	2002	2932	396851	738.816331570287
Black or African American	Not Hispanic or Latino	65-69 years	Male	2003	2873	406305	707.10426896051
Black or African American	Not Hispanic or Latino	65-69 years	Male	2004	2735	415865	657.665348129802
Black or African American	Not Hispanic or Latino	65-69 years	Male	2005	2570	427014	601.853803388179
Black or African American	Not Hispanic or Latino	65-69 years	Male	2006	2615	436847	598.607750539663
Black or African American	Not Hispanic or Latino	65-69 years	Male	2007	2529	450394	561.508368228706
Black or African American	Not Hispanic or Latino	65-69 years	Male	2008	2695	470048	573.345700864593
Black or African American	Not Hispanic or Latino	65-69 years	Male	2009	2650	489532	541.333355122852
Black or African American	Not Hispanic or Latino	65-69 years	Male	2010	2483	503596	493.053955948816
Black or African American	Not Hispanic or Latino	65-69 years	Male	2011	2552	524064	486.963424314588
Black or African American	Not Hispanic or Latino	65-69 years	Male	2012	2672	564112	473.664804152367
Black or African American	Not Hispanic or Latino	65-69 years	Male	2013	2724	601865	452.593189502629
Black or African American	Not Hispanic or Latino	65-69 years	Male	2014	2829	642116	440.574600227996
Black or African American	Not Hispanic or Latino	65-69 years	Male	2015	2985	686820	434.611688652049
Black or African American	Not Hispanic or Latino	65-69 years	Male	2016	3371	732181	460.405282300415
Black or African American	Not Hispanic or Latino	65-69 years	Male	2017	3503	753775	464.727538058439
Black or African American	Not Hispanic or Latino	65-69 years	Male	2018	3573	774325	461.43415232622
Black or African American	Not Hispanic or Latino	65-69 years	Male	2019	3552	800482	443.732651077726
Black or African American	Not Hispanic or Latino	65-69 years	Male	2020	4134	827816	499.38633706041
Black or African American	Not Hispanic or Latino	65-69 years	Male	2021	4179	874172	478.052374132322
Black or African American	Not Hispanic or Latino	65-69 years	Male	2022	4256	897110	474.412279430616
Black or African American	Not Hispanic or Latino	70-74 years	Female	1999	3343	435255	768.055507690894
Black or African American	Not Hispanic or Latino	70-74 years	Female	2000	3201	440786	726.202737836501
Black or African American	Not Hispanic or Latino	70-74 years	Female	2001	2908	440752	659.781464406287
Black or African American	Not Hispanic or Latino	70-74 years	Female	2002	2840	442356	642.016837117616
Black or African American	Not Hispanic or Latino	70-74 years	Female	2003	2685	446877	600.836471780826
Black or African American	Not Hispanic or Latino	70-74 years	Female	2004	2542	450801	563.88517328045
Black or African American	Not Hispanic or Latino	70-74 years	Female	2005	2354	456614	515.533908290153
Black or African American	Not Hispanic or Latino	70-74 years	Female	2006	2269	466664	486.217064097509
Black or African American	Not Hispanic or Latino	70-74 years	Female	2007	2201	472797	465.527488541594
Black or African American	Not Hispanic or Latino	70-74 years	Female	2008	2071	480483	431.024614814676
Black or African American	Not Hispanic or Latino	70-74 years	Female	2009	1991	487912	408.065388840611
Black or African American	Not Hispanic or Latino	70-74 years	Female	2010	1901	496664	382.753732905948
Black or African American	Not Hispanic or Latino	70-74 years	Female	2011	1962	515854	380.340173770098
Black or African American	Not Hispanic or Latino	70-74 years	Female	2012	1911	531565	359.504482048291
Black or African American	Not Hispanic or Latino	70-74 years	Female	2013	1975	556554	354.862241579433
Black or African American	Not Hispanic or Latino	70-74 years	Female	2014	1972	581078	339.369241306675
Black or African American	Not Hispanic or Latino	70-74 years	Female	2015	2037	603471	337.54728893352
Black or African American	Not Hispanic or Latino	70-74 years	Female	2016	2041	621831	328.224228126292
Black or African American	Not Hispanic or Latino	70-74 years	Female	2017	2083	668247	311.711088863848
Black or African American	Not Hispanic or Latino	70-74 years	Female	2018	2156	708288	304.395951929159
Black or African American	Not Hispanic or Latino	70-74 years	Female	2019	2179	756006	288.225225725722
Black or African American	Not Hispanic or Latino	70-74 years	Female	2020	2626	806836	325.468868518509
Black or African American	Not Hispanic or Latino	70-74 years	Female	2021	2559	849704	301.163699358836
Black or African American	Not Hispanic or Latino	70-74 years	Female	2022	2560	869073	294.566739502896
Black or African American	Not Hispanic or Latino	70-74 years	Male	1999	3616	288848	1251.86949537473
Black or African American	Not Hispanic or Latino	70-74 years	Male	2000	3514	292654	1200.7353393427
Black or African American	Not Hispanic or Latino	70-74 years	Male	2001	3356	295838	1134.4046403775
Black or African American	Not Hispanic or Latino	70-74 years	Male	2002	3173	299173	1060.59036076116
Black or African American	Not Hispanic or Latino	70-74 years	Male	2003	3233	304832	1060.58419063615
Black or African American	Not Hispanic or Latino	70-74 years	Male	2004	2950	309884	951.969123930245
Black or African American	Not Hispanic or Latino	70-74 years	Male	2005	2826	316960	891.595153962645
Black or African American	Not Hispanic or Latino	70-74 years	Male	2006	2870	325778	880.968021167789
Black or African American	Not Hispanic or Latino	70-74 years	Male	2007	2691	332403	809.559480510104
Black or African American	Not Hispanic or Latino	70-74 years	Male	2008	2593	339526	763.711762869412
Black or African American	Not Hispanic or Latino	70-74 years	Male	2009	2536	346696	731.476567367377
Black or African American	Not Hispanic or Latino	70-74 years	Male	2010	2453	353284	694.342228914981
Black or African American	Not Hispanic or Latino	70-74 years	Male	2011	2552	368663	692.231116222675
Black or African American	Not Hispanic or Latino	70-74 years	Male	2012	2426	380768	637.133372552315
Black or African American	Not Hispanic or Latino	70-74 years	Male	2013	2609	400090	652.103276762728
Black or African American	Not Hispanic or Latino	70-74 years	Male	2014	2557	417580	612.337755639638
Black or African American	Not Hispanic or Latino	70-74 years	Male	2015	2736	434557	629.606702918144
Black or African American	Not Hispanic or Latino	70-74 years	Male	2016	2742	449661	609.792710508583
Black or African American	Not Hispanic or Latino	70-74 years	Male	2017	2956	485493	608.865627310795
Black or African American	Not Hispanic or Latino	70-74 years	Male	2018	3145	516472	608.939109961431
Black or African American	Not Hispanic or Latino	70-74 years	Male	2019	3102	550140	563.856472897808
Black or African American	Not Hispanic or Latino	70-74 years	Male	2020	3827	586258	652.784269041958
Black or African American	Not Hispanic or Latino	70-74 years	Male	2021	4005	624975	640.825633025321
Black or African American	Not Hispanic or Latino	70-74 years	Male	2022	3942	629514	626.197352243159
Black or African American	Not Hispanic or Latino	75-79 years	Female	1999	4145	343390	1207.082326218
Black or African American	Not Hispanic or Latino	75-79 years	Female	2000	4014	344364	1165.62706903161
Black or African American	Not Hispanic or Latino	75-79 years	Female	2001	3905	354673	1101.01417361908
Black or African American	Not Hispanic or Latino	75-79 years	Female	2002	3832	359611	1065.59587999255
Black or African American	Not Hispanic or Latino	75-79 years	Female	2003	3519	363417	968.309132484171
Black or African American	Not Hispanic or Latino	75-79 years	Female	2004	3287	365192	900.074481368705
Black or African American	Not Hispanic or Latino	75-79 years	Female	2005	3253	368751	882.167099207867
Black or African American	Not Hispanic or Latino	75-79 years	Female	2006	2867	367499	780.138177246741
Black or African American	Not Hispanic or Latino	75-79 years	Female	2007	2678	368272	727.179910500934
Black or African American	Not Hispanic or Latino	75-79 years	Female	2008	2566	371717	690.310101501949
Black or African American	Not Hispanic or Latino	75-79 years	Female	2009	2506	374583	669.010606461051
Black or African American	Not Hispanic or Latino	75-79 years	Female	2010	2351	378077	621.831002679348
Black or African American	Not Hispanic or Latino	75-79 years	Female	2011	2292	393168	582.956903918935
Black or African American	Not Hispanic or Latino	75-79 years	Female	2012	2199	399504	550.432536345068
Black or African American	Not Hispanic or Latino	75-79 years	Female	2013	2207	409261	539.264674620841
Black or African American	Not Hispanic or Latino	75-79 years	Female	2014	2189	420226	520.910176904808
Black or African American	Not Hispanic or Latino	75-79 years	Female	2015	2186	433526	504.237346779663
Black or African American	Not Hispanic or Latino	75-79 years	Female	2016	2226	445948	499.161337196265
Black or African American	Not Hispanic or Latino	75-79 years	Female	2017	2202	464257	474.30625709467
Black or African American	Not Hispanic or Latino	75-79 years	Female	2018	2243	486475	461.071997533275
Black or African American	Not Hispanic or Latino	75-79 years	Female	2019	2311	508214	454.729700480506
Black or African American	Not Hispanic or Latino	75-79 years	Female	2020	2651	526453	503.558722241112
Black or African American	Not Hispanic or Latino	75-79 years	Female	2021	2530	520718	485.867590519245
Black or African American	Not Hispanic or Latino	75-79 years	Female	2022	2451	560885	436.987974361946
Black or African American	Not Hispanic or Latino	75-79 years	Male	1999	3576	206886	1728.4881528958
Black or African American	Not Hispanic or Latino	75-79 years	Male	2000	3552	207597	1711.00738449978
Black or African American	Not Hispanic or Latino	75-79 years	Male	2001	3544	213265	1661.78228963965
Black or African American	Not Hispanic or Latino	75-79 years	Male	2002	3357	215637	1556.7829268632
Black or African American	Not Hispanic or Latino	75-79 years	Male	2003	3387	217510	1557.16978529723
Black or African American	Not Hispanic or Latino	75-79 years	Male	2004	3030	218650	1385.7763549051
Black or African American	Not Hispanic or Latino	75-79 years	Male	2005	2998	222432	1347.82765069774
Black or African American	Not Hispanic or Latino	75-79 years	Male	2006	2892	223131	1296.09960068301
Black or African American	Not Hispanic or Latino	75-79 years	Male	2007	2674	225410	1186.28277361253
Black or African American	Not Hispanic or Latino	75-79 years	Male	2008	2659	229456	1158.82783627362
Black or African American	Not Hispanic or Latino	75-79 years	Male	2009	2449	232999	1051.0774724355
Black or African American	Not Hispanic or Latino	75-79 years	Male	2010	2476	237296	1043.42256085227
Black or African American	Not Hispanic or Latino	75-79 years	Male	2011	2398	250497	957.296893775175
Black or African American	Not Hispanic or Latino	75-79 years	Male	2012	2481	256353	967.80611110461
Black or African American	Not Hispanic or Latino	75-79 years	Male	2013	2444	264953	922.42775133703
Black or African American	Not Hispanic or Latino	75-79 years	Male	2014	2476	274892	900.717372640892
Black or African American	Not Hispanic or Latino	75-79 years	Male	2015	2561	284937	898.79517226615
Black or African American	Not Hispanic or Latino	75-79 years	Male	2016	2477	293691	843.40344103156
Black or African American	Not Hispanic or Latino	75-79 years	Male	2017	2528	306720	824.204486176317
Black or African American	Not Hispanic or Latino	75-79 years	Male	2018	2727	322123	846.571030320716
Black or African American	Not Hispanic or Latino	75-79 years	Male	2019	2697	336433	801.645498509362
Black or African American	Not Hispanic or Latino	75-79 years	Male	2020	3074	349269	880.12391595017
Black or African American	Not Hispanic or Latino	75-79 years	Male	2021	2972	350902	846.960119919522
Black or African American	Not Hispanic or Latino	75-79 years	Male	2022	3005	375396	800.48801798634
Black or African American	Not Hispanic or Latino	80-84 years	Female	1999	4188	227780	1838.61620862236
Black or African American	Not Hispanic or Latino	80-84 years	Female	2000	4086	231454	1765.36158372722
Black or African American	Not Hispanic or Latino	80-84 years	Female	2001	4116	237908	1730.08053533299
Black or African American	Not Hispanic or Latino	80-84 years	Female	2002	4092	243879	1677.88124438759
Black or African American	Not Hispanic or Latino	80-84 years	Female	2003	3943	249644	1579.44913556905
Black or African American	Not Hispanic or Latino	80-84 years	Female	2004	3808	254780	1494.62281183766
Black or African American	Not Hispanic or Latino	80-84 years	Female	2005	3699	258762	1429.49892178913
Black or African American	Not Hispanic or Latino	80-84 years	Female	2006	3546	264538	1340.45014326864
Black or African American	Not Hispanic or Latino	80-84 years	Female	2007	3309	268871	1230.7017119734
Black or African American	Not Hispanic or Latino	80-84 years	Female	2008	3150	272279	1156.90156053166
Black or African American	Not Hispanic or Latino	80-84 years	Female	2009	3030	274423	1104.13485750101
Black or African American	Not Hispanic or Latino	80-84 years	Female	2010	2917	277702	1050.40655090709
Black or African American	Not Hispanic or Latino	80-84 years	Female	2011	2812	281890	997.55223668807
Black or African American	Not Hispanic or Latino	80-84 years	Female	2012	2611	284580	917.492445006676
Black or African American	Not Hispanic or Latino	80-84 years	Female	2013	2623	290087	904.211495172138
Black or African American	Not Hispanic or Latino	80-84 years	Female	2014	2516	296006	849.982770619515
Black or African American	Not Hispanic or Latino	80-84 years	Female	2015	2399	303164	791.320869232495
Black or African American	Not Hispanic or Latino	80-84 years	Female	2016	2556	312789	817.164286467874
Black or African American	Not Hispanic or Latino	80-84 years	Female	2017	2403	321524	747.378111742825
Black or African American	Not Hispanic or Latino	80-84 years	Female	2018	2455	329857	744.261907432615
Black or African American	Not Hispanic or Latino	80-84 years	Female	2019	2388	341870	698.511129961681
Black or African American	Not Hispanic or Latino	80-84 years	Female	2020	2749	351927	781.12790436653
Black or African American	Not Hispanic or Latino	80-84 years	Female	2021	2491	342321	727.679575603016
Black or African American	Not Hispanic or Latino	80-84 years	Female	2022	2412	358127	673.504092123744
Black or African American	Not Hispanic or Latino	80-84 years	Male	1999	2768	112918	2451.33636798385
Black or African American	Not Hispanic or Latino	80-84 years	Male	2000	2829	116516	2427.99272202959
Black or African American	Not Hispanic or Latino	80-84 years	Male	2001	2906	120694	2407.74189272043
Black or African American	Not Hispanic or Latino	80-84 years	Male	2002	2928	124874	2344.7635216298
Black or African American	Not Hispanic or Latino	80-84 years	Male	2003	2997	128770	2327.40545158034
Black or African American	Not Hispanic or Latino	80-84 years	Male	2004	2702	131758	2050.72936747674
Black or African American	Not Hispanic or Latino	80-84 years	Male	2005	2743	134288	2042.62480638627
Black or African American	Not Hispanic or Latino	80-84 years	Male	2006	2700	137456	1964.26492841346
Black or African American	Not Hispanic or Latino	80-84 years	Male	2007	2472	139898	1767.00167264721
Black or African American	Not Hispanic or Latino	80-84 years	Male	2008	2453	141976	1727.75680396687
Black or African American	Not Hispanic or Latino	80-84 years	Male	2009	2303	143759	1601.98665822662
Black or African American	Not Hispanic or Latino	80-84 years	Male	2010	2297	146421	1568.76404340907
Black or African American	Not Hispanic or Latino	80-84 years	Male	2011	2214	150537	1470.7347695251
Black or African American	Not Hispanic or Latino	80-84 years	Male	2012	2128	153654	1384.92977729184
Black or African American	Not Hispanic or Latino	80-84 years	Male	2013	2122	159293	1332.1363776186
Black or African American	Not Hispanic or Latino	80-84 years	Male	2014	2162	165193	1308.7721634694
Black or African American	Not Hispanic or Latino	80-84 years	Male	2015	2138	171131	1249.33530453278
Black or African American	Not Hispanic or Latino	80-84 years	Male	2016	2262	178668	1266.03532809457
Black or African American	Not Hispanic or Latino	80-84 years	Male	2017	2288	185236	1235.1810663154
Black or African American	Not Hispanic or Latino	80-84 years	Male	2018	2279	191500	1190.07832898172
Black or African American	Not Hispanic or Latino	80-84 years	Male	2019	2316	201218	1150.99046804958
Black or African American	Not Hispanic or Latino	80-84 years	Male	2020	2628	207884	1264.16655442458
Black or African American	Not Hispanic or Latino	80-84 years	Male	2021	2289	204075	1121.64645350974
Black or African American	Not Hispanic or Latino	80-84 years	Male	2022	2412	208099	1159.06371486648
White	Not Hispanic or Latino	35-39 years	Female	1999	454	8065587	5.6288525559268
White	Not Hispanic or Latino	35-39 years	Female	2000	437	7922913	5.51564809559312
White	Not Hispanic or Latino	35-39 years	Female	2001	408	7605475	5.36455645439634
White	Not Hispanic or Latino	35-39 years	Female	2002	401	7331110	5.46984017427102
White	Not Hispanic or Latino	35-39 years	Female	2003	392	7053358	5.55763651866246
White	Not Hispanic or Latino	35-39 years	Female	2004	397	6821388	5.81992990282916
White	Not Hispanic or Latino	35-39 years	Female	2005	361	6706426	5.38289694093396
White	Not Hispanic or Latino	35-39 years	Female	2006	327	6677963	4.89670278197109
White	Not Hispanic or Latino	35-39 years	Female	2007	330	6582209	5.01351445996321
White	Not Hispanic or Latino	35-39 years	Female	2008	309	6433106	4.80327854072356
White	Not Hispanic or Latino	35-39 years	Female	2009	306	6225356	4.91538154605134
White	Not Hispanic or Latino	35-39 years	Female	2010	290	6048449	4.79461759535378
White	Not Hispanic or Latino	35-39 years	Female	2011	265	5749992	4.60870206428113
White	Not Hispanic or Latino	35-39 years	Female	2012	284	5665167	5.01309140577851
White	Not Hispanic or Latino	35-39 years	Female	2013	256	5673580	4.51214224528428
White	Not Hispanic or Latino	35-39 years	Female	2014	277	5731690	4.8327805586136
White	Not Hispanic or Latino	35-39 years	Female	2015	272	5833729	4.66254088936939
White	Not Hispanic or Latino	35-39 years	Female	2016	284	5961787	4.76367236870422
White	Not Hispanic or Latino	35-39 years	Female	2017	285	6056650	4.70557156183699
White	Not Hispanic or Latino	35-39 years	Female	2018	264	6141169	4.29885580416367
White	Not Hispanic or Latino	35-39 years	Female	2019	250	6181915	4.04405431003176
White	Not Hispanic or Latino	35-39 years	Female	2020	280	6204534	4.51282884419684
White	Not Hispanic or Latino	35-39 years	Female	2021	260	6278072	4.14139882435244
White	Not Hispanic or Latino	35-39 years	Female	2022	283	6202729	4.56250788967243
White	Not Hispanic or Latino	35-39 years	Male	1999	1383	8094587	17.0854918231159
White	Not Hispanic or Latino	35-39 years	Male	2000	1303	7936088	16.4186687446006
White	Not Hispanic or Latino	35-39 years	Male	2001	1266	7633057	16.5857532571812
White	Not Hispanic or Latino	35-39 years	Male	2002	1262	7359478	17.1479553305275
White	Not Hispanic or Latino	35-39 years	Male	2003	1267	7087398	17.8768004844655
White	Not Hispanic or Latino	35-39 years	Male	2004	1101	6876083	16.0120231242119
White	Not Hispanic or Latino	35-39 years	Male	2005	1047	6771561	15.4617229321275
White	Not Hispanic or Latino	35-39 years	Male	2006	1029	6748394	15.2480723561784
White	Not Hispanic or Latino	35-39 years	Male	2007	954	6658247	14.3280956684244
White	Not Hispanic or Latino	35-39 years	Male	2008	941	6504115	14.4677638694888
White	Not Hispanic or Latino	35-39 years	Male	2009	909	6291303	14.4485172626402
White	Not Hispanic or Latino	35-39 years	Male	2010	871	6107512	14.2611262982373
White	Not Hispanic or Latino	35-39 years	Male	2011	842	5811271	14.4890850899915
White	Not Hispanic or Latino	35-39 years	Male	2012	815	5731933	14.218589086788
White	Not Hispanic or Latino	35-39 years	Male	2013	712	5747969	12.3869839938246
White	Not Hispanic or Latino	35-39 years	Male	2014	718	5812100	12.3535383080126
White	Not Hispanic or Latino	35-39 years	Male	2015	715	5920224	12.0772457258374
White	Not Hispanic or Latino	35-39 years	Male	2016	725	6049049	11.9853550533315
White	Not Hispanic or Latino	35-39 years	Male	2017	724	6142103	11.7874936320671
White	Not Hispanic or Latino	35-39 years	Male	2018	726	6221562	11.669095317221
White	Not Hispanic or Latino	35-39 years	Male	2019	633	6258910	10.1135820773905
White	Not Hispanic or Latino	35-39 years	Male	2020	765	6278993	12.1834822876853
White	Not Hispanic or Latino	35-39 years	Male	2021	682	6440962	10.5884804164347
White	Not Hispanic or Latino	35-39 years	Male	2022	714	6423800	11.1149164046203
White	Not Hispanic or Latino	40-44 years	Female	1999	853	8133518	10.4874668009587
White	Not Hispanic or Latino	40-44 years	Female	2000	795	8166125	9.73533958885028
White	Not Hispanic or Latino	40-44 years	Female	2001	884	8220183	10.7540184932623
White	Not Hispanic or Latino	40-44 years	Female	2002	934	8166129	11.4374877007209
White	Not Hispanic or Latino	40-44 years	Female	2003	976	8080271	12.0788028025298
White	Not Hispanic or Latino	40-44 years	Female	2004	873	7996027	10.9179221130694
White	Not Hispanic or Latino	40-44 years	Female	2005	870	7823510	11.1203283436718
White	Not Hispanic or Latino	40-44 years	Female	2006	822	7551583	10.885134944554
White	Not Hispanic or Latino	40-44 years	Female	2007	784	7278629	10.7712592577531
White	Not Hispanic or Latino	40-44 years	Female	2008	783	7003322	11.1804083833358
White	Not Hispanic or Latino	40-44 years	Female	2009	723	6772049	10.6762369852906
White	Not Hispanic or Latino	40-44 years	Female	2010	666	6669786	9.98532786509192
White	Not Hispanic or Latino	40-44 years	Female	2011	703	6638515	10.5897177305467
White	Not Hispanic or Latino	40-44 years	Female	2012	712	6544669	10.8790834188864
White	Not Hispanic or Latino	40-44 years	Female	2013	663	6398972	10.3610392419282
White	Not Hispanic or Latino	40-44 years	Female	2014	671	6195322	10.8307526227047
White	Not Hispanic or Latino	40-44 years	Female	2015	610	5972413	10.2136272223639
White	Not Hispanic or Latino	40-44 years	Female	2016	592	5734030	10.3243268695839
White	Not Hispanic or Latino	40-44 years	Female	2017	556	5643966	9.85122872816739
White	Not Hispanic or Latino	40-44 years	Female	2018	543	5645389	9.61846916129252
White	Not Hispanic or Latino	40-44 years	Female	2019	504	5698602	8.8442744378358
White	Not Hispanic or Latino	40-44 years	Female	2020	556	5799848	9.58645812786818
White	Not Hispanic or Latino	40-44 years	Female	2021	542	5985407	9.05535747193132
White	Not Hispanic or Latino	40-44 years	Female	2022	577	6021800	9.58185260221196
White	Not Hispanic or Latino	40-44 years	Male	1999	3264	8117806	40.207908392982
White	Not Hispanic or Latino	40-44 years	Male	2000	3228	8151520	39.5999764461107
White	Not Hispanic or Latino	40-44 years	Male	2001	3179	8202369	38.7570956634602
White	Not Hispanic or Latino	40-44 years	Male	2002	3334	8146913	40.9234761682124
White	Not Hispanic or Latino	40-44 years	Male	2003	3149	8049029	39.1227314499674
White	Not Hispanic or Latino	40-44 years	Male	2004	3041	7968265	38.1638913866444
White	Not Hispanic or Latino	40-44 years	Male	2005	2892	7793151	37.1095080795945
White	Not Hispanic or Latino	40-44 years	Male	2006	2853	7535096	37.8628221856762
White	Not Hispanic or Latino	40-44 years	Male	2007	2563	7271303	35.2481529101455
White	Not Hispanic or Latino	40-44 years	Male	2008	2368	7014018	33.7609626892888
White	Not Hispanic or Latino	40-44 years	Male	2009	2125	6796712	31.2651176039238
White	Not Hispanic or Latino	40-44 years	Male	2010	2105	6705632	31.3915228273785
White	Not Hispanic or Latino	40-44 years	Male	2011	2024	6681100	30.2944125967281
White	Not Hispanic or Latino	40-44 years	Male	2012	1842	6595545	27.9279422701232
White	Not Hispanic or Latino	40-44 years	Male	2013	1852	6444840	28.7361672283563
White	Not Hispanic or Latino	40-44 years	Male	2014	1749	6243102	28.0149195063608
White	Not Hispanic or Latino	40-44 years	Male	2015	1663	6022801	27.6117374623535
White	Not Hispanic or Latino	40-44 years	Male	2016	1605	5784403	27.7470293822889
White	Not Hispanic or Latino	40-44 years	Male	2017	1521	5696250	26.7017774851876
White	Not Hispanic or Latino	40-44 years	Male	2018	1453	5701206	25.4858358038633
White	Not Hispanic or Latino	40-44 years	Male	2019	1407	5755971	24.4441815290591
White	Not Hispanic or Latino	40-44 years	Male	2020	1595	5855872	27.2376172156768
White	Not Hispanic or Latino	40-44 years	Male	2021	1760	6136616	28.6803019775068
White	Not Hispanic or Latino	40-44 years	Male	2022	1480	6240474	23.7161472029208
White	Not Hispanic or Latino	45-49 years	Female	1999	1444	7455738	19.367633358361
White	Not Hispanic or Latino	45-49 years	Female	2000	1366	7573110	18.0375037468094
White	Not Hispanic or Latino	45-49 years	Female	2001	1464	7733075	18.9316668983554
White	Not Hispanic or Latino	45-49 years	Female	2002	1582	7879024	20.0786290281639
White	Not Hispanic or Latino	45-49 years	Female	2003	1652	7989220	20.6778634209597
White	Not Hispanic or Latino	45-49 years	Female	2004	1660	8044996	20.6339443798356
White	Not Hispanic or Latino	45-49 years	Female	2005	1652	8092109	20.414949922202
White	Not Hispanic or Latino	45-49 years	Female	2006	1668	8136683	20.4997540152418
White	Not Hispanic or Latino	45-49 years	Female	2007	1633	8084577	20.1989541320467
White	Not Hispanic or Latino	45-49 years	Female	2008	1651	8001922	20.6325430315367
White	Not Hispanic or Latino	45-49 years	Female	2009	1495	7920775	18.8744156979588
White	Not Hispanic or Latino	45-49 years	Female	2010	1562	7796240	20.0352990672427
White	Not Hispanic or Latino	45-49 years	Female	2011	1456	7463157	19.5091701809301
White	Not Hispanic or Latino	45-49 years	Female	2012	1456	7198963	20.2251352035008
White	Not Hispanic or Latino	45-49 years	Female	2013	1263	6926729	18.2337146436651
White	Not Hispanic or Latino	45-49 years	Female	2014	1260	6707094	18.7860793362968
White	Not Hispanic or Latino	45-49 years	Female	2015	1300	6607066	19.6759045543059
White	Not Hispanic or Latino	45-49 years	Female	2016	1179	6587079	17.898677091925
White	Not Hispanic or Latino	45-49 years	Female	2017	1111	6488048	17.1237943985618
White	Not Hispanic or Latino	45-49 years	Female	2018	1150	6336597	18.1485425063327
White	Not Hispanic or Latino	45-49 years	Female	2019	1042	6135180	16.9840167688642
White	Not Hispanic or Latino	45-49 years	Female	2020	1105	5914090	18.684193172576
White	Not Hispanic or Latino	45-49 years	Female	2021	1119	5707123	19.6070769808185
White	Not Hispanic or Latino	45-49 years	Female	2022	1004	5570736	18.0227531873706
White	Not Hispanic or Latino	45-49 years	Male	1999	5960	7369371	80.8752877280842
White	Not Hispanic or Latino	45-49 years	Male	2000	6011	7489284	80.2613440750812
White	Not Hispanic or Latino	45-49 years	Male	2001	5791	7652379	75.675812711315
White	Not Hispanic or Latino	45-49 years	Male	2002	5961	7791685	76.5046328233238
White	Not Hispanic or Latino	45-49 years	Male	2003	5999	7904379	75.8946401735038
White	Not Hispanic or Latino	45-49 years	Male	2004	5812	7964907	72.9700924317133
White	Not Hispanic or Latino	45-49 years	Male	2005	5698	8015515	71.0871353868092
White	Not Hispanic or Latino	45-49 years	Male	2006	5607	8059015	69.5742593852971
White	Not Hispanic or Latino	45-49 years	Male	2007	5506	8011089	68.7297320002312
White	Not Hispanic or Latino	45-49 years	Male	2008	5298	7923559	66.8638928542086
White	Not Hispanic or Latino	45-49 years	Male	2009	4966	7843887	63.3104479959999
White	Not Hispanic or Latino	45-49 years	Male	2010	4875	7717904	63.164817805456
White	Not Hispanic or Latino	45-49 years	Male	2011	4616	7400700	62.3724782790817
White	Not Hispanic or Latino	45-49 years	Male	2012	4219	7149016	59.0151148074085
White	Not Hispanic or Latino	45-49 years	Male	2013	4017	6894349	58.2651095846758
White	Not Hispanic or Latino	45-49 years	Male	2014	3666	6694216	54.7636945088118
White	Not Hispanic or Latino	45-49 years	Male	2015	3476	6609912	52.5876895184081
White	Not Hispanic or Latino	45-49 years	Male	2016	3555	6598591	53.8751378892858
White	Not Hispanic or Latino	45-49 years	Male	2017	3277	6507420	50.3578991366778
White	Not Hispanic or Latino	45-49 years	Male	2018	3276	6351420	51.5790169757314
White	Not Hispanic or Latino	45-49 years	Male	2019	3007	6150268	48.8921783571057
White	Not Hispanic or Latino	45-49 years	Male	2020	3135	5930598	52.8614483733344
White	Not Hispanic or Latino	45-49 years	Male	2021	3032	5833025	51.9798903656336
White	Not Hispanic or Latino	45-49 years	Male	2022	2877	5755089	49.9905388083486
White	Not Hispanic or Latino	50-54 years	Female	1999	2673	6656729	40.1548568373446
White	Not Hispanic or Latino	50-54 years	Female	2000	2666	6873199	38.7883429535504
White	Not Hispanic or Latino	50-54 years	Female	2001	2718	7248518	37.4973201418552
White	Not Hispanic or Latino	50-54 years	Female	2002	2634	7178574	36.6925241698421
White	Not Hispanic or Latino	50-54 years	Female	2003	2522	7261641	34.7304417830625
White	Not Hispanic or Latino	50-54 years	Female	2004	2577	7390853	34.8674232865949
White	Not Hispanic or Latino	50-54 years	Female	2005	2636	7540599	34.9574350790965
White	Not Hispanic or Latino	50-54 years	Female	2006	2579	7666481	33.6399451064967
White	Not Hispanic or Latino	50-54 years	Female	2007	2621	7817829	33.5259315597719
White	Not Hispanic or Latino	50-54 years	Female	2008	2767	7935231	34.8698103432654
White	Not Hispanic or Latino	50-54 years	Female	2009	2620	7998446	32.7563629234979
White	Not Hispanic or Latino	50-54 years	Female	2010	2664	8042859	33.1225500782744
White	Not Hispanic or Latino	50-54 years	Female	2011	2642	8071899	32.7308357054517
White	Not Hispanic or Latino	50-54 years	Female	2012	2634	8009019	32.8879229778329
White	Not Hispanic or Latino	50-54 years	Female	2013	2665	7916921	33.6620764562385
White	Not Hispanic or Latino	50-54 years	Female	2014	2728	7815134	34.9066311594913
White	Not Hispanic or Latino	50-54 years	Female	2015	2612	7634993	34.2109023544619
White	Not Hispanic or Latino	50-54 years	Female	2016	2441	7355389	33.1865520640717
White	Not Hispanic or Latino	50-54 years	Female	2017	2341	7089801	33.0192624588476
White	Not Hispanic or Latino	50-54 years	Female	2018	2199	6817142	32.2569193952539
White	Not Hispanic or Latino	50-54 years	Female	2019	1934	6599377	29.3057965926178
White	Not Hispanic or Latino	50-54 years	Female	2020	2103	6501091	32.3484165965374
White	Not Hispanic or Latino	50-54 years	Female	2021	2139	6519637	32.8085750786432
White	Not Hispanic or Latino	50-54 years	Female	2022	1955	6358402	30.7467190655765
White	Not Hispanic or Latino	50-54 years	Male	1999	9262	6513967	142.186781112032
White	Not Hispanic or Latino	50-54 years	Male	2000	9295	6733591	138.03927206152
White	Not Hispanic or Latino	50-54 years	Male	2001	9403	7099559	132.444846222139
White	Not Hispanic or Latino	50-54 years	Male	2002	9476	7031269	134.769413600873
White	Not Hispanic or Latino	50-54 years	Male	2003	9244	7105292	130.100212630248
White	Not Hispanic or Latino	50-54 years	Male	2004	9027	7228634	124.878365677388
White	Not Hispanic or Latino	50-54 years	Male	2005	9177	7376377	124.410669357057
White	Not Hispanic or Latino	50-54 years	Male	2006	9094	7503011	121.204673697
White	Not Hispanic or Latino	50-54 years	Male	2007	8912	7647642	116.532651502254
White	Not Hispanic or Latino	50-54 years	Male	2008	9032	7770369	116.236436133213
White	Not Hispanic or Latino	50-54 years	Male	2009	8676	7837527	110.698183240708
White	Not Hispanic or Latino	50-54 years	Male	2010	8591	7887799	108.915047150669
White	Not Hispanic or Latino	50-54 years	Male	2011	8364	7915197	105.670143143626
White	Not Hispanic or Latino	50-54 years	Male	2012	8248	7852440	105.037415121924
White	Not Hispanic or Latino	50-54 years	Male	2013	8023	7759979	103.389455048783
White	Not Hispanic or Latino	50-54 years	Male	2014	7670	7665141	100.063390875654
White	Not Hispanic or Latino	50-54 years	Male	2015	7476	7489701	99.8170687988746
White	Not Hispanic or Latino	50-54 years	Male	2016	7061	7227858	97.6914599041652
White	Not Hispanic or Latino	50-54 years	Male	2017	6714	6978435	96.2106833408923
White	Not Hispanic or Latino	50-54 years	Male	2018	6361	6727826	94.5476295017142
White	Not Hispanic or Latino	50-54 years	Male	2019	6066	6529005	92.9084906505662
White	Not Hispanic or Latino	50-54 years	Male	2020	6358	6446345	98.6295334798246
White	Not Hispanic or Latino	50-54 years	Male	2021	6297	6642883	94.7931794071941
White	Not Hispanic or Latino	50-54 years	Male	2022	5913	6557929	90.165660530939
White	Not Hispanic or Latino	55-59 years	Female	1999	4211	5304072	79.391833293364
White	Not Hispanic or Latino	55-59 years	Female	2000	4217	5440411	77.5125261676002
White	Not Hispanic or Latino	55-59 years	Female	2001	4106	5594924	73.387949505659
White	Not Hispanic or Latino	55-59 years	Female	2002	4221	6061053	69.6413642975899
White	Not Hispanic or Latino	55-59 years	Female	2003	4186	6276773	66.6903200099796
White	Not Hispanic or Latino	55-59 years	Female	2004	3983	6543979	60.8651097443925
White	Not Hispanic or Latino	55-59 years	Female	2005	3998	6839972	58.4505316688431
White	Not Hispanic or Latino	55-59 years	Female	2006	4105	7153684	57.3830211119194
White	Not Hispanic or Latino	55-59 years	Female	2007	3887	7090471	54.8200535620271
White	Not Hispanic or Latino	55-59 years	Female	2008	3821	7178391	53.2291985766727
White	Not Hispanic or Latino	55-59 years	Female	2009	3831	7311741	52.3951819409358
White	Not Hispanic or Latino	55-59 years	Female	2010	3806	7424695	51.2613649449573
White	Not Hispanic or Latino	55-59 years	Female	2011	3821	7580924	50.4028268849549
White	Not Hispanic or Latino	55-59 years	Female	2012	4006	7714989	51.9248958099616
White	Not Hispanic or Latino	55-59 years	Female	2013	3898	7810125	49.909572510043
White	Not Hispanic or Latino	55-59 years	Female	2014	4108	7844960	52.3648304134119
White	Not Hispanic or Latino	55-59 years	Female	2015	4144	7872823	52.6367733657927
White	Not Hispanic or Latino	55-59 years	Female	2016	4290	7895816	54.3325730994745
White	Not Hispanic or Latino	55-59 years	Female	2017	4228	7825343	54.029580556405
White	Not Hispanic or Latino	55-59 years	Female	2018	3964	7726628	51.3031040189847
White	Not Hispanic or Latino	55-59 years	Female	2019	3931	7625376	51.551556277356
White	Not Hispanic or Latino	55-59 years	Female	2020	4080	7450226	54.7634393909661
White	Not Hispanic or Latino	55-59 years	Female	2021	4027	7236990	55.6446810068827
White	Not Hispanic or Latino	55-59 years	Female	2022	3813	6904503	55.2248293613603
White	Not Hispanic or Latino	55-59 years	Male	1999	12161	5063782	240.156468031207
White	Not Hispanic or Latino	55-59 years	Male	2000	12267	5197809	236.003285230373
White	Not Hispanic or Latino	55-59 years	Male	2001	11907	5364115	221.975106797673
White	Not Hispanic or Latino	55-59 years	Male	2002	12380	5830597	212.328171540582
White	Not Hispanic or Latino	55-59 years	Male	2003	12437	6050416	205.556113827545
White	Not Hispanic or Latino	55-59 years	Male	2004	12009	6314088	190.193738193069
White	Not Hispanic or Latino	55-59 years	Male	2005	12223	6605805	185.034223686591
White	Not Hispanic or Latino	55-59 years	Male	2006	12556	6901653	181.927431008195
White	Not Hispanic or Latino	55-59 years	Male	2007	12178	6838462	178.080977857302
White	Not Hispanic or Latino	55-59 years	Male	2008	11957	6913901	172.941440729336
White	Not Hispanic or Latino	55-59 years	Male	2009	11743	7036638	166.88367370895
White	Not Hispanic or Latino	55-59 years	Male	2010	11973	7146083	167.546332725215
White	Not Hispanic or Latino	55-59 years	Male	2011	11862	7299446	162.505483292842
White	Not Hispanic or Latino	55-59 years	Male	2012	11809	7426243	159.01715039489
White	Not Hispanic or Latino	55-59 years	Male	2013	11971	7524979	159.08350043236
White	Not Hispanic or Latino	55-59 years	Male	2014	12115	7567749	160.087233337152
White	Not Hispanic or Latino	55-59 years	Male	2015	11819	7603227	155.447154214914
White	Not Hispanic or Latino	55-59 years	Male	2016	11913	7624881	156.238503918946
White	Not Hispanic or Latino	55-59 years	Male	2017	11631	7558976	153.870048006502
White	Not Hispanic or Latino	55-59 years	Male	2018	11584	7462883	155.221514259302
White	Not Hispanic or Latino	55-59 years	Male	2019	10876	7369813	147.574979175184
White	Not Hispanic or Latino	55-59 years	Male	2020	11505	7199900	159.793886026195
White	Not Hispanic or Latino	55-59 years	Male	2021	11144	7170652	155.411251306018
White	Not Hispanic or Latino	55-59 years	Male	2022	10287	6905917	148.959218594721
White	Not Hispanic or Latino	60-64 years	Female	1999	6731	4417711	152.36397310734
White	Not Hispanic or Latino	60-64 years	Female	2000	6247	4438847	140.73474485604
White	Not Hispanic or Latino	60-64 years	Female	2001	6047	4553355	132.803174801877
White	Not Hispanic or Latino	60-64 years	Female	2002	5946	4718079	126.025867731337
White	Not Hispanic or Latino	60-64 years	Female	2003	6028	4979577	121.054459043409
White	Not Hispanic or Latino	60-64 years	Female	2004	5861	5170611	113.352174433544
White	Not Hispanic or Latino	60-64 years	Female	2005	5870	5326772	110.198071177066
White	Not Hispanic or Latino	60-64 years	Female	2006	5751	5449501	105.53259830579
White	Not Hispanic or Latino	60-64 years	Female	2007	5676	5906519	96.0972105566748
White	Not Hispanic or Latino	60-64 years	Female	2008	5917	6124499	96.6119840986177
White	Not Hispanic or Latino	60-64 years	Female	2009	5692	6392225	89.0456765836622
White	Not Hispanic or Latino	60-64 years	Female	2010	5707	6624212	86.1536436333861
White	Not Hispanic or Latino	60-64 years	Female	2011	5920	6975747	84.8654631539819
White	Not Hispanic or Latino	60-64 years	Female	2012	5705	6902560	82.6504948888528
White	Not Hispanic or Latino	60-64 years	Female	2013	5618	6975231	80.5421354504245
White	Not Hispanic or Latino	60-64 years	Female	2014	5707	7093153	80.4578725427183
White	Not Hispanic or Latino	60-64 years	Female	2015	5938	7239722	82.0197239617764
White	Not Hispanic or Latino	60-64 years	Female	2016	5952	7349441	80.9857511612108
White	Not Hispanic or Latino	60-64 years	Female	2017	6054	7471715	81.0255744497749
White	Not Hispanic or Latino	60-64 years	Female	2018	5997	7550439	79.4258453051538
White	Not Hispanic or Latino	60-64 years	Female	2019	6040	7581734	79.6651531166881
White	Not Hispanic or Latino	60-64 years	Female	2020	6391	7604662	84.0405530186614
White	Not Hispanic or Latino	60-64 years	Female	2021	6634	7616608	87.099139144354
White	Not Hispanic or Latino	60-64 years	Female	2022	6580	7493768	87.8062945103184
White	Not Hispanic or Latino	60-64 years	Male	1999	15707	4089994	384.034793205076
White	Not Hispanic or Latino	60-64 years	Male	2000	15136	4113867	367.92633305841
White	Not Hispanic or Latino	60-64 years	Male	2001	14802	4231056	349.841741636131
White	Not Hispanic or Latino	60-64 years	Male	2002	14770	4393249	336.197652352507
White	Not Hispanic or Latino	60-64 years	Male	2003	14943	4648582	321.452864550953
White	Not Hispanic or Latino	60-64 years	Male	2004	14610	4836000	302.109181141439
White	Not Hispanic or Latino	60-64 years	Male	2005	14654	4995868	293.322401632709
White	Not Hispanic or Latino	60-64 years	Male	2006	14304	5127052	278.990733856415
White	Not Hispanic or Latino	60-64 years	Male	2007	14627	5578839	262.18716833377
White	Not Hispanic or Latino	60-64 years	Male	2008	14980	5800117	258.2706521265
White	Not Hispanic or Latino	60-64 years	Male	2009	14827	6060669	244.642959382867
White	Not Hispanic or Latino	60-64 years	Male	2010	15005	6288214	238.621013852264
White	Not Hispanic or Latino	60-64 years	Male	2011	15300	6608141	231.532589876639
White	Not Hispanic or Latino	60-64 years	Male	2012	15341	6527655	235.01548412102
White	Not Hispanic or Latino	60-64 years	Male	2013	15214	6583471	231.093901681955
White	Not Hispanic or Latino	60-64 years	Male	2014	15363	6683927	229.849907098028
White	Not Hispanic or Latino	60-64 years	Male	2015	15478	6814088	227.14705181383
White	Not Hispanic or Latino	60-64 years	Male	2016	15787	6916690	228.245013149353
White	Not Hispanic or Latino	60-64 years	Male	2017	16225	7031812	230.737112994488
White	Not Hispanic or Latino	60-64 years	Male	2018	16307	7112293	229.279080600307
White	Not Hispanic or Latino	60-64 years	Male	2019	15821	7151623	221.222511309671
White	Not Hispanic or Latino	60-64 years	Male	2020	17153	7179085	238.93017007042
White	Not Hispanic or Latino	60-64 years	Male	2021	17423	7387407	235.847300683447
White	Not Hispanic or Latino	60-64 years	Male	2022	16546	7299922	226.659956092682
White	Not Hispanic or Latino	65-69 years	Female	1999	10980	4128908	265.929877827261
White	Not Hispanic or Latino	65-69 years	Female	2000	10105	4101812	246.354537945669
White	Not Hispanic or Latino	65-69 years	Female	2001	9438	4063803	232.245509932445
White	Not Hispanic or Latino	65-69 years	Female	2002	9033	4062380	222.357337324426
White	Not Hispanic or Latino	65-69 years	Female	2003	8488	4117417	206.148660677313
White	Not Hispanic or Latino	65-69 years	Female	2004	8061	4198160	192.012691274273
White	Not Hispanic or Latino	65-69 years	Female	2005	7963	4255961	187.102278427833
White	Not Hispanic or Latino	65-69 years	Female	2006	7367	4353916	169.203999342201
White	Not Hispanic or Latino	65-69 years	Female	2007	7114	4516895	157.497573000922
White	Not Hispanic or Latino	65-69 years	Female	2008	7379	4775357	154.522478633535
White	Not Hispanic or Latino	65-69 years	Female	2009	7310	4965756	147.208199516851
White	Not Hispanic or Latino	65-69 years	Female	2010	7269	5090536	142.794393360542
White	Not Hispanic or Latino	65-69 years	Female	2011	7140	5227581	136.583249499147
White	Not Hispanic or Latino	65-69 years	Female	2012	7507	5674238	132.299702620863
White	Not Hispanic or Latino	65-69 years	Female	2013	7609	5881599	129.369581299235
White	Not Hispanic or Latino	65-69 years	Female	2014	7659	6123197	125.081717932642
White	Not Hispanic or Latino	65-69 years	Female	2015	7983	6373883	125.245474383512
White	Not Hispanic or Latino	65-69 years	Female	2016	8102	6658443	121.680098485487
White	Not Hispanic or Latino	65-69 years	Female	2017	8141	6587391	123.584587585586
White	Not Hispanic or Latino	65-69 years	Female	2018	7972	6652125	119.841404062612
White	Not Hispanic or Latino	65-69 years	Female	2019	7825	6763238	115.699018724463
White	Not Hispanic or Latino	65-69 years	Female	2020	8356	6898198	121.133084321442
White	Not Hispanic or Latino	65-69 years	Female	2021	8773	6968490	125.895280039148
White	Not Hispanic or Latino	65-69 years	Female	2022	8783	6998820	125.492583035426
White	Not Hispanic or Latino	65-69 years	Male	1999	22158	3619643	612.159817970999
White	Not Hispanic or Latino	65-69 years	Male	2000	20349	3605311	564.417327659112
White	Not Hispanic or Latino	65-69 years	Male	2001	19037	3595859	529.41452932387
White	Not Hispanic or Latino	65-69 years	Male	2002	18570	3612434	514.057834689852
White	Not Hispanic or Latino	65-69 years	Male	2003	17642	3679382	479.482695735316
White	Not Hispanic or Latino	65-69 years	Male	2004	16630	3769006	441.230393371621
White	Not Hispanic or Latino	65-69 years	Male	2005	15988	3836589	416.724335079937
White	Not Hispanic or Latino	65-69 years	Male	2006	15682	3935236	398.502148282848
White	Not Hispanic or Latino	65-69 years	Male	2007	15335	4094688	374.509608546488
White	Not Hispanic or Latino	65-69 years	Male	2008	15964	4344355	367.465365974926
White	Not Hispanic or Latino	65-69 years	Male	2009	15993	4528274	353.180925005863
White	Not Hispanic or Latino	65-69 years	Male	2010	15852	4654113	340.601957881126
White	Not Hispanic or Latino	65-69 years	Male	2011	15937	4801082	331.946007170884
White	Not Hispanic or Latino	65-69 years	Male	2012	16949	5232533	323.915778457585
White	Not Hispanic or Latino	65-69 years	Male	2013	17417	5435950	320.403977225692
White	Not Hispanic or Latino	65-69 years	Male	2014	17775	5660062	314.04249635428
White	Not Hispanic or Latino	65-69 years	Male	2015	18311	5890546	310.854036281187
White	Not Hispanic or Latino	65-69 years	Male	2016	19155	6132295	312.36266357049
White	Not Hispanic or Latino	65-69 years	Male	2017	18949	6052363	313.084327559335
White	Not Hispanic or Latino	65-69 years	Male	2018	19203	6094585	315.082979398925
White	Not Hispanic or Latino	65-69 years	Male	2019	18953	6184025	306.483237050303
White	Not Hispanic or Latino	65-69 years	Male	2020	20282	6293104	322.289286812994
White	Not Hispanic or Latino	65-69 years	Male	2021	20716	6512384	318.101635284406
White	Not Hispanic or Latino	65-69 years	Male	2022	20657	6561101	314.840451320594
White	Not Hispanic or Latino	70-74 years	Female	1999	18886	4138627	456.334914936765
White	Not Hispanic or Latino	70-74 years	Female	2000	17449	4086093	427.03384382098
White	Not Hispanic or Latino	70-74 years	Female	2001	16418	4017544	408.657627645148
White	Not Hispanic or Latino	70-74 years	Female	2002	15302	3943356	388.045106756783
White	Not Hispanic or Latino	70-74 years	Female	2003	14340	3864787	371.042440372522
White	Not Hispanic or Latino	70-74 years	Female	2004	13021	3791896	343.390219562984
White	Not Hispanic or Latino	70-74 years	Female	2005	12096	3757002	321.958838456833
White	Not Hispanic or Latino	70-74 years	Female	2006	11253	3738990	300.963629215376
White	Not Hispanic or Latino	70-74 years	Female	2007	10263	3740907	274.345232319328
White	Not Hispanic or Latino	70-74 years	Female	2008	10302	3794292	271.513104421062
White	Not Hispanic or Latino	70-74 years	Female	2009	9625	3871651	248.601953016943
White	Not Hispanic or Latino	70-74 years	Female	2010	9355	3909774	239.272142072662
White	Not Hispanic or Latino	70-74 years	Female	2011	9267	4025822	230.189014814863
White	Not Hispanic or Latino	70-74 years	Female	2012	9146	4184931	218.546016648781
White	Not Hispanic or Latino	70-74 years	Female	2013	9321	4432560	210.28480155937
White	Not Hispanic or Latino	70-74 years	Female	2014	9544	4607294	207.149793349415
White	Not Hispanic or Latino	70-74 years	Female	2015	9862	4750284	207.608639820272
White	Not Hispanic or Latino	70-74 years	Female	2016	9970	4856799	205.27923844491
White	Not Hispanic or Latino	70-74 years	Female	2017	10391	5278005	196.873629335327
White	Not Hispanic or Latino	70-74 years	Female	2018	10583	5469235	193.500553550908
White	Not Hispanic or Latino	70-74 years	Female	2019	10694	5692824	187.850529016882
White	Not Hispanic or Latino	70-74 years	Female	2020	11489	5924967	193.908252991114
White	Not Hispanic or Latino	70-74 years	Female	2021	11772	6097584	193.060071005172
White	Not Hispanic or Latino	70-74 years	Female	2022	11805	6005494	196.570007396561
White	Not Hispanic or Latino	70-74 years	Male	1999	31222	3298619	946.517315276484
White	Not Hispanic or Latino	70-74 years	Male	2000	29614	3288915	900.41852708264
White	Not Hispanic or Latino	70-74 years	Male	2001	27298	3278268	832.695801563509
White	Not Hispanic or Latino	70-74 years	Male	2002	26081	3245790	803.53319222747
White	Not Hispanic or Latino	70-74 years	Male	2003	24021	3206546	749.123823578392
White	Not Hispanic or Latino	70-74 years	Male	2004	21766	3166882	687.300631978078
White	Not Hispanic or Latino	70-74 years	Male	2005	20794	3163365	657.337992928416
White	Not Hispanic or Latino	70-74 years	Male	2006	19462	3170662	613.815032948955
White	Not Hispanic or Latino	70-74 years	Male	2007	18249	3192895	571.550270209324
White	Not Hispanic or Latino	70-74 years	Male	2008	18098	3258957	555.331046098491
White	Not Hispanic or Latino	70-74 years	Male	2009	17649	3345358	527.566855326097
White	Not Hispanic or Latino	70-74 years	Male	2010	17265	3391018	509.139143466652
White	Not Hispanic or Latino	70-74 years	Male	2011	17109	3505670	488.037949949653
White	Not Hispanic or Latino	70-74 years	Male	2012	17425	3658387	476.302807767467
White	Not Hispanic or Latino	70-74 years	Male	2013	18065	3895724	463.713548495735
White	Not Hispanic or Latino	70-74 years	Male	2014	18651	4054745	459.979604142801
White	Not Hispanic or Latino	70-74 years	Male	2015	19136	4194407	456.226589360546
White	Not Hispanic or Latino	70-74 years	Male	2016	19812	4301332	460.601506696065
White	Not Hispanic or Latino	70-74 years	Male	2017	21210	4696082	451.653101457768
White	Not Hispanic or Latino	70-74 years	Male	2018	21435	4875761	439.623681308415
White	Not Hispanic or Latino	70-74 years	Male	2019	21780	5076365	429.047162684322
White	Not Hispanic or Latino	70-74 years	Male	2020	23071	5275819	437.297033882322
White	Not Hispanic or Latino	70-74 years	Male	2021	24212	5505091	439.811076692465
White	Not Hispanic or Latino	70-74 years	Male	2022	23453	5389306	435.176625710249
White	Not Hispanic or Latino	75-79 years	Female	1999	30622	3703159	826.915614479421
White	Not Hispanic or Latino	75-79 years	Female	2000	29264	3725948	785.410853828341
White	Not Hispanic or Latino	75-79 years	Female	2001	27286	3698950	737.668797902107
White	Not Hispanic or Latino	75-79 years	Female	2002	25832	3667267	704.393762439441
White	Not Hispanic or Latino	75-79 years	Female	2003	24355	3641215	668.870143619643
White	Not Hispanic or Latino	75-79 years	Female	2004	21834	3577134	610.376910677654
White	Not Hispanic or Latino	75-79 years	Female	2005	20539	3531686	581.563593139367
White	Not Hispanic or Latino	75-79 years	Female	2006	18966	3486974	543.909991872609
White	Not Hispanic or Latino	75-79 years	Female	2007	17434	3427172	508.699300764595
White	Not Hispanic or Latino	75-79 years	Female	2008	16697	3362728	496.531387611487
White	Not Hispanic or Latino	75-79 years	Female	2009	15152	3303614	458.649224758098
White	Not Hispanic or Latino	75-79 years	Female	2010	14097	3287271	428.835955417123
White	Not Hispanic or Latino	75-79 years	Female	2011	13403	3270291	409.841203733857
White	Not Hispanic or Latino	75-79 years	Female	2012	13130	3284732	399.728197003591
White	Not Hispanic or Latino	75-79 years	Female	2013	12665	3340049	379.186053857294
White	Not Hispanic or Latino	75-79 years	Female	2014	12315	3420345	360.051398323853
White	Not Hispanic or Latino	75-79 years	Female	2015	12347	3479260	354.874312353776
White	Not Hispanic or Latino	75-79 years	Female	2016	12191	3573929	341.109182639051
White	Not Hispanic or Latino	75-79 years	Female	2017	12401	3716831	333.64444065388
White	Not Hispanic or Latino	75-79 years	Female	2018	12722	3943031	322.645193507228
White	Not Hispanic or Latino	75-79 years	Female	2019	12972	4095254	316.756909339445
White	Not Hispanic or Latino	75-79 years	Female	2020	13519	4218840	320.44353424164
White	Not Hispanic or Latino	75-79 years	Female	2021	13832	4128920	335.002857890199
White	Not Hispanic or Latino	75-79 years	Female	2022	14455	4540665	318.34544059075
White	Not Hispanic or Latino	75-79 years	Male	1999	39285	2598738	1511.69529209947
White	Not Hispanic or Latino	75-79 years	Male	2000	37581	2619131	1434.86522819973
White	Not Hispanic or Latino	75-79 years	Male	2001	35999	2630912	1368.30878417826
White	Not Hispanic or Latino	75-79 years	Male	2002	34329	2642321	1299.19869690322
White	Not Hispanic or Latino	75-79 years	Male	2003	32465	2659135	1220.88573915954
White	Not Hispanic or Latino	75-79 years	Male	2004	29816	2654958	1123.03094813553
White	Not Hispanic or Latino	75-79 years	Male	2005	28360	2660667	1065.89813757227
White	Not Hispanic or Latino	75-79 years	Male	2006	26501	2661067	995.8787208289
White	Not Hispanic or Latino	75-79 years	Male	2007	24446	2644456	924.424531926415
White	Not Hispanic or Latino	75-79 years	Male	2008	23745	2621514	905.774296837629
White	Not Hispanic or Latino	75-79 years	Male	2009	22042	2597732	848.509392038902
White	Not Hispanic or Latino	75-79 years	Male	2010	21183	2604993	813.169171663801
White	Not Hispanic or Latino	75-79 years	Male	2011	20559	2621024	784.388086488334
White	Not Hispanic or Latino	75-79 years	Male	2012	19965	2654999	751.97768436071
White	Not Hispanic or Latino	75-79 years	Male	2013	20430	2722302	750.46780261705
White	Not Hispanic or Latino	75-79 years	Male	2014	20369	2806684	725.731860088275
White	Not Hispanic or Latino	75-79 years	Male	2015	20132	2869856	701.498611777037
White	Not Hispanic or Latino	75-79 years	Male	2016	20530	2954863	694.786864907104
White	Not Hispanic or Latino	75-79 years	Male	2017	21309	3089031	689.827975180566
White	Not Hispanic or Latino	75-79 years	Male	2018	21896	3294887	664.544793190176
White	Not Hispanic or Latino	75-79 years	Male	2019	22549	3426428	658.090582962782
White	Not Hispanic or Latino	75-79 years	Male	2020	23888	3539105	674.972909817595
White	Not Hispanic or Latino	75-79 years	Male	2021	24190	3515488	688.097925522716
White	Not Hispanic or Latino	75-79 years	Male	2022	25506	3876996	657.880482724254
White	Not Hispanic or Latino	80-84 years	Female	1999	41998	2686103	1563.52902327275
White	Not Hispanic or Latino	80-84 years	Female	2000	40118	2702744	1484.34331923408
White	Not Hispanic or Latino	80-84 years	Female	2001	39733	2779168	1429.67247751845
White	Not Hispanic or Latino	80-84 years	Female	2002	38539	2840836	1356.60770280298
White	Not Hispanic or Latino	80-84 years	Female	2003	36970	2871621	1287.42616104284
White	Not Hispanic or Latino	80-84 years	Female	2004	34580	2919814	1184.32201503246
White	Not Hispanic or Latino	80-84 years	Female	2005	33231	2937585	1131.2353514877
White	Not Hispanic or Latino	80-84 years	Female	2006	30377	2925051	1038.51180714456
White	Not Hispanic or Latino	80-84 years	Female	2007	27952	2912053	959.872639680665
White	Not Hispanic or Latino	80-84 years	Female	2008	27088	2900831	933.801383120906
White	Not Hispanic or Latino	80-84 years	Female	2009	24740	2860258	864.956937451097
White	Not Hispanic or Latino	80-84 years	Female	2010	22899	2838020	806.865349786118
White	Not Hispanic or Latino	80-84 years	Female	2011	21616	2810292	769.172740768575
White	Not Hispanic or Latino	80-84 years	Female	2012	20395	2772291	735.673130995267
White	Not Hispanic or Latino	80-84 years	Female	2013	19358	2723815	710.694375352217
White	Not Hispanic or Latino	80-84 years	Female	2014	18261	2682034	680.863851837822
White	Not Hispanic or Latino	80-84 years	Female	2015	18141	2666277	680.38692153891
White	Not Hispanic or Latino	80-84 years	Female	2016	16874	2666251	632.873649180066
White	Not Hispanic or Latino	80-84 years	Female	2017	16486	2679545	615.253709118526
White	Not Hispanic or Latino	80-84 years	Female	2018	16624	2732446	608.392626972317
White	Not Hispanic or Latino	80-84 years	Female	2019	16135	2794000	577.487473156765
White	Not Hispanic or Latino	80-84 years	Female	2020	16446	2838947	579.299296534948
White	Not Hispanic or Latino	80-84 years	Female	2021	16170	2741242	589.878602472894
White	Not Hispanic or Latino	80-84 years	Female	2022	16412	2920664	561.927013857123
White	Not Hispanic or Latino	80-84 years	Male	1999	39887	1584789	2516.86502114793
White	Not Hispanic or Latino	80-84 years	Male	2000	38519	1606270	2398.04018004445
White	Not Hispanic or Latino	80-84 years	Male	2001	38099	1681282	2266.06839304769
White	Not Hispanic or Latino	80-84 years	Male	2002	38018	1737354	2188.27020860458
White	Not Hispanic or Latino	80-84 years	Male	2003	37094	1773800	2091.21659713609
White	Not Hispanic or Latino	80-84 years	Male	2004	35248	1818671	1938.11854920434
White	Not Hispanic or Latino	80-84 years	Male	2005	34109	1851696	1842.04102617276
White	Not Hispanic or Latino	80-84 years	Male	2006	32368	1867182	1733.52142426394
White	Not Hispanic or Latino	80-84 years	Male	2007	30560	1889185	1617.62876584347
White	Not Hispanic or Latino	80-84 years	Male	2008	29691	1912346	1552.59560769861
White	Not Hispanic or Latino	80-84 years	Male	2009	28152	1921250	1465.29603122967
White	Not Hispanic or Latino	80-84 years	Male	2010	27227	1930668	1410.23728574773
White	Not Hispanic or Latino	80-84 years	Male	2011	26782	1955849	1369.32861381426
White	Not Hispanic or Latino	80-84 years	Male	2012	25332	1957694	1293.97137652769
White	Not Hispanic or Latino	80-84 years	Male	2013	24862	1954228	1272.21593386237
White	Not Hispanic or Latino	80-84 years	Male	2014	23992	1946464	1232.5940782876
White	Not Hispanic or Latino	80-84 years	Male	2015	23813	1957509	1216.49504548894
White	Not Hispanic or Latino	80-84 years	Male	2016	22895	1976253	1158.50551523514
White	Not Hispanic or Latino	80-84 years	Male	2017	23189	2006679	1155.59090417551
White	Not Hispanic or Latino	80-84 years	Male	2018	23283	2063839	1128.14032489937
White	Not Hispanic or Latino	80-84 years	Male	2019	23143	2121021	1091.12545326048
White	Not Hispanic or Latino	80-84 years	Male	2020	23698	2165823	1094.17990297453
White	Not Hispanic or Latino	80-84 years	Male	2021	23802	2113729	1126.06677582604
White	Not Hispanic or Latino	80-84 years	Male	2022	24434	2222327	1099.47815960477
